track,artists,album,album_type,duration,release_year,acousticness,danceability,energy,instrumentalness,key,liveness,loudness,mode,speechiness,tempo,time_signature,valence
Blew,Nirvana,Bleach,studio album,174,1989,5.65e-06,0.411,0.882,0.0147,1,0.298,-6.618,1,0.0556,129.848,4,0.531
Floyd The Barber,Nirvana,Bleach,studio album,138,1989,0.000788,0.443,0.878,0.56,8,0.0623,-6.717,0,0.0418,136.567,4,0.683
About A Girl,Nirvana,Bleach,studio album,168,1989,5.13e-06,0.413,0.875,0.00058,6,0.209,-7.48,0,0.031,131.951,4,0.575
School,Nirvana,Bleach,studio album,162,1989,1.15e-05,0.21,0.943,0.493,4,0.0739,-7.656,1,0.0785,164.844,4,0.13
Love Buzz,Nirvana,Bleach,studio album,215,1989,3.1e-05,0.479,0.865,0.228,5,0.182,-8.281,0,0.0339,137.902,4,0.77
Paper Cuts,Nirvana,Bleach,studio album,246,1989,0.00205,0.553,0.726,0.17,4,0.139,-7.462,1,0.0403,102.094,4,0.361
Negative Creep,Nirvana,Bleach,studio album,175,1989,7.97e-06,0.37,0.947,0.000175,2,0.0762,-7.213,1,0.0901,81.744,4,0.418
Scoff,Nirvana,Bleach,studio album,250,1989,6.47e-06,0.442,0.915,0.865,11,0.114,-7.751,0,0.0403,145.27,4,0.735
Swap Meet,Nirvana,Bleach,studio album,183,1989,5.28e-05,0.387,0.953,2.45e-05,2,0.189,-7.143,1,0.0557,146.313,4,0.709
Mr. Moustache,Nirvana,Bleach,studio album,203,1989,5.58e-06,0.194,0.898,0.141,0,0.108,-6.12,1,0.0608,177.191,4,0.482
Sifting,Nirvana,Bleach,studio album,322,1989,8.7e-05,0.42,0.747,0.0125,0,0.106,-7.559,1,0.0394,115.4,4,0.583
Big Cheese,Nirvana,Bleach,studio album,222,1989,5.73e-06,0.27,0.945,0.0203,4,0.179,-6.65,0,0.0537,129.556,4,0.297
Downer,Nirvana,Bleach,studio album,103,1989,0.000401,0.345,0.932,0.546,4,0.185,-6.109,0,0.112,100.961,4,0.508
Jesus Doesn'T Want Me For A Sunbeam,Nirvana,Live At The Paramount,live album,209,2011,0.000336,0.368,0.903,0.0184,9,0.693,-6.003,1,0.0445,122.214,4,0.275
Aneurysm,Nirvana,Live At The Paramount,live album,289,2011,0.000599,0.259,0.96,0.215,6,0.77,-6.503,0,0.088,131.984,4,0.14
Drain You,Nirvana,Live At The Paramount,live album,226,2011,0.00146,0.456,0.896,0.0013,1,0.618,-6.302,0,0.0632,136.733,4,0.509
School,Nirvana,Live At The Paramount,live album,171,2011,0.00081,0.17,0.963,0.00119,4,0.836,-6.465,1,0.172,167.147,4,0.275
Floyd The Barber,Nirvana,Live At The Paramount,live album,147,2011,0.000137,0.399,0.959,0.0164,5,0.754,-6.365,1,0.0785,135.687,4,0.55
Smells Like Teen Spirit,Nirvana,Live At The Paramount,live album,285,2011,8.8e-05,0.317,0.948,0.0178,8,0.906,-5.411,1,0.0857,122.952,4,0.31
About A Girl,Nirvana,Live At The Paramount,live album,193,2011,2.33e-05,0.367,0.935,0.00122,9,0.394,-6.062,1,0.0572,132.903,4,0.334
Polly,Nirvana,Live At The Paramount,live album,183,2011,0.244,0.546,0.549,0.0,0,0.381,-9.235,1,0.0312,128.073,4,0.386
Breed,Nirvana,Live At The Paramount,live album,190,2011,0.000163,0.136,0.976,0.363,9,0.948,-6.077,1,0.0844,164.291,4,0.247
Sliver,Nirvana,Live At The Paramount,live album,131,2011,0.0206,0.396,0.957,2e-06,5,0.724,-5.692,1,0.156,140.796,4,0.311
Love Buzz,Nirvana,Live At The Paramount,live album,214,2011,0.00341,0.235,0.964,0.245,2,0.725,-5.891,1,0.0928,146.089,4,0.544
Lithium,Nirvana,Live At The Paramount,live album,278,2011,0.0877,0.327,0.767,0.0,9,0.23,-5.87,1,0.0443,123.512,4,0.219
Been A Son,Nirvana,Live At The Paramount,live album,135,2011,0.0212,0.247,0.889,0.0455,7,0.837,-5.537,1,0.0576,143.114,4,0.552
Negative Creep,Nirvana,Live At The Paramount,live album,163,2011,0.000627,0.229,0.974,0.00187,2,0.837,-5.793,1,0.117,168.305,4,0.321
On A Plain,Nirvana,Live At The Paramount,live album,184,2011,0.00319,0.435,0.987,0.00168,7,0.429,-5.495,1,0.0634,133.688,4,0.37
Blew,Nirvana,Live At The Paramount,live album,249,2011,0.000516,0.33,0.959,0.00554,2,0.107,-6.186,1,0.154,130.853,4,0.244
Rape Me,Nirvana,Live At The Paramount,live album,179,2011,0.000268,0.281,0.849,0.0195,4,0.358,-5.771,0,0.0559,103.116,4,0.223
Territorial Pissings,Nirvana,Live At The Paramount,live album,175,2011,0.00599,0.226,0.956,0.00601,10,0.45,-4.82,1,0.152,91.807,4,0.159
"Endless, Nameless",Nirvana,Live At The Paramount,live album,384,2011,9.7e-05,0.331,0.936,0.694,9,0.638,-6.774,0,0.193,135.702,4,0.332
Breed,Nirvana,Live At Reading,live album,192,2009,0.00111,0.102,0.994,0.263,8,0.991,-7.406,1,0.118,161.906,4,0.0393
Drain You,Nirvana,Live At Reading,live album,218,2009,0.00191,0.342,0.954,0.81,0,0.96,-7.551,0,0.0746,133.616,4,0.178
Aneurysm,Nirvana,Live At Reading,live album,275,2009,0.000232,0.216,0.979,0.925,1,0.688,-7.256,1,0.0982,133.376,4,0.177
School,Nirvana,Live At Reading,live album,163,2009,0.00689,0.175,0.98,0.588,8,0.764,-7.442,1,0.116,161.957,4,0.12
Sliver,Nirvana,Live At Reading,live album,126,2009,0.00646,0.334,0.973,0.0106,11,0.822,-7.674,1,0.0766,143.417,4,0.36
In Bloom,Nirvana,Live At Reading,live album,276,2009,0.0038,0.26,0.92,0.814,2,0.993,-7.453,1,0.0748,153.046,4,0.313
Come As You Are,Nirvana,Live At Reading,live album,216,2009,0.00112,0.334,0.965,0.499,1,0.803,-7.659,1,0.0509,123.393,4,0.347
Lithium,Nirvana,Live At Reading,live album,261,2009,0.0313,0.364,0.908,0.022,1,0.905,-7.572,1,0.0552,122.616,4,0.258
About A Girl,Nirvana,Live At Reading,live album,171,2009,2.93e-05,0.357,0.969,0.000429,3,0.877,-7.109,0,0.0438,129.619,4,0.36
Tourette'S,Nirvana,Live At Reading,live album,110,2009,8e-05,0.352,0.989,0.988,10,0.47,-6.814,0,0.0999,84.728,4,0.0927
Polly,Nirvana,Live At Reading,live album,168,2009,0.45,0.526,0.545,0.0,1,0.333,-12.146,0,0.0332,125.694,4,0.404
Lounge Act,Nirvana,Live At Reading,live album,156,2009,0.0269,0.284,0.983,0.506,1,0.813,-6.209,1,0.0893,143.279,4,0.282
Smells Like Teen Spirit,Nirvana,Live At Reading,live album,285,2009,0.000706,0.41,0.964,0.745,7,1.0,-6.648,1,0.0763,121.868,4,0.274
On A Plain,Nirvana,Live At Reading,live album,180,2009,0.00402,0.366,0.981,0.951,1,0.38,-6.625,1,0.0634,129.616,4,0.348
Negative Creep,Nirvana,Live At Reading,live album,172,2009,0.00172,0.208,0.979,0.826,1,0.396,-6.888,1,0.127,80.554,4,0.118
Been A Son,Nirvana,Live At Reading,live album,133,2009,0.0113,0.293,0.987,0.943,6,0.752,-7.268,1,0.151,145.955,4,0.181
All Apologies,Nirvana,Live At Reading,live album,189,2009,0.0293,0.393,0.857,0.0277,1,0.873,-6.945,1,0.036,112.972,4,0.136
Blew,Nirvana,Live At Reading,live album,199,2009,2.24e-05,0.23,0.949,0.905,1,0.892,-6.848,1,0.0797,128.532,4,0.26
Dumb,Nirvana,Live At Reading,live album,152,2009,0.00482,0.542,0.855,1.79e-06,6,0.612,-8.381,1,0.0289,113.55,4,0.771
Stay Away,Nirvana,Live At Reading,live album,212,2009,0.000592,0.302,0.979,0.862,1,0.826,-6.351,1,0.142,161.868,4,0.161
Spank Thru,Nirvana,Live At Reading,live album,186,2009,0.00351,0.265,0.95,0.63,1,0.544,-7.729,1,0.0591,130.573,4,0.296
The Money Will Roll Right In,Nirvana,Live At Reading,live album,136,2009,0.00227,0.31,0.986,0.744,5,0.872,-7.447,0,0.0672,134.807,4,0.149
D-7,Nirvana,Live At Reading,live album,223,2009,0.00451,0.244,0.979,0.528,8,0.92,-6.516,1,0.114,115.325,4,0.0395
Territorial Pissings,Nirvana,Live At Reading,live album,269,2009,0.00618,0.141,0.957,0.188,1,0.887,-7.17,1,0.0877,94.811,4,0.109
Dive,Nirvana,Incesticide,compilation album,235,1992,2.04e-06,0.425,0.837,0.366,11,0.108,-10.096,1,0.0318,128.13,4,0.441
Sliver,Nirvana,Incesticide,compilation album,136,1992,1.16e-05,0.428,0.684,0.000156,0,0.0744,-10.044,1,0.0475,141.336,4,0.419
Stain,Nirvana,Incesticide,compilation album,160,1992,0.000203,0.546,0.901,2.2e-05,4,0.133,-11.778,0,0.0599,148.341,4,0.532
Been A Son,Nirvana,Incesticide,compilation album,115,1992,2.7e-06,0.387,0.914,0.0,9,0.258,-10.101,1,0.0862,154.455,4,0.556
Turnaround,Nirvana,Incesticide,compilation album,139,1992,0.00035,0.316,0.797,0.161,2,0.0541,-10.984,1,0.0688,175.037,4,0.539
Molly'S Lips,Nirvana,Incesticide,compilation album,114,1992,1.91e-05,0.311,0.895,0.195,7,0.0584,-9.401,1,0.0476,167.107,4,0.681
Son Of A Gun,Nirvana,Incesticide,compilation album,168,1992,7.42e-06,0.33,0.868,0.758,7,0.0744,-9.346,1,0.0303,169.346,4,0.886
(New Wave) Polly,Nirvana,Incesticide,compilation album,107,1992,6.8e-06,0.333,0.926,9.07e-05,0,0.144,-11.385,1,0.185,194.839,4,0.482
Beeswax,Nirvana,Incesticide,compilation album,170,1992,0.00542,0.4,0.824,1.97e-05,1,0.0848,-9.277,0,0.0415,149.195,4,0.758
Downer,Nirvana,Incesticide,compilation album,103,1992,0.00101,0.303,0.931,0.0294,4,0.114,-9.306,0,0.0574,101.936,4,0.555
Mexican Seafood,Nirvana,Incesticide,compilation album,115,1992,0.00434,0.283,0.876,0.0559,1,0.227,-8.001,1,0.0664,170.34,4,0.447
Hairspray Queen,Nirvana,Incesticide,compilation album,253,1992,0.00182,0.473,0.856,0.00936,4,0.0745,-8.258,0,0.0549,143.099,4,0.558
Aero Zeppelin,Nirvana,Incesticide,compilation album,281,1992,0.00111,0.289,0.953,0.27,8,0.0865,-7.795,1,0.0613,116.203,4,0.12
Big Long Now,Nirvana,Incesticide,compilation album,303,1992,0.000857,0.479,0.562,0.61,1,0.111,-12.782,1,0.0266,78.01,4,0.159
Aneurysm,Nirvana,Incesticide,compilation album,275,1992,7.66e-05,0.298,0.823,7.53e-05,7,0.132,-9.793,1,0.0816,135.596,4,0.235
Radio Friendly Unit Shifter,Nirvana,Live And Loud,live album,270,2019,9.19e-06,0.123,0.988,0.199,1,0.874,-6.528,1,0.207,155.963,4,0.0631
Drain You,Nirvana,Live And Loud,live album,222,2019,1.72e-05,0.272,0.958,0.363,8,0.418,-6.677,1,0.082,137.001,4,0.152
Breed,Nirvana,Live And Loud,live album,193,2019,1.78e-06,0.167,0.955,0.441,8,0.883,-6.384,1,0.128,164.252,4,0.149
Serve The Servants,Nirvana,Live And Loud,live album,203,2019,4.52e-06,0.269,0.951,0.672,8,0.782,-6.586,1,0.078,131.047,4,0.208
Rape Me,Nirvana,Live And Loud,live album,159,2019,0.000643,0.255,0.918,0.242,1,0.937,-6.576,1,0.0696,117.297,4,0.333
Sliver,Nirvana,Live And Loud,live album,125,2019,5.37e-05,0.363,0.952,0.0182,11,0.11,-6.69,1,0.0941,149.36,4,0.369
Pennyroyal Tea,Nirvana,Live And Loud,live album,221,2019,0.000112,0.277,0.869,0.215,1,0.694,-7.276,1,0.0764,122.224,4,0.109
Scentless Apprentice,Nirvana,Live And Loud,live album,233,2019,3.05e-06,0.351,0.869,0.874,1,0.308,-7.093,1,0.0631,93.393,4,0.0989
All Apologies,Nirvana,Live And Loud,live album,218,2019,0.00884,0.341,0.695,0.0928,1,0.738,-8.599,1,0.037,114.49,4,0.139
Heart Shaped Box,Nirvana,Live And Loud,live album,269,2019,0.000292,0.371,0.801,0.0394,1,0.346,-7.179,1,0.0376,105.418,4,0.254
Blew,Nirvana,Live And Loud,live album,216,2019,1.16e-05,0.25,0.91,0.766,7,0.527,-7.27,1,0.0827,128.747,4,0.142
The Man Who Sold The World,Nirvana,Live And Loud,live album,274,2019,0.000181,0.24,0.835,0.0129,8,0.837,-7.536,1,0.0414,123.469,4,0.381
School,Nirvana,Live And Loud,live album,160,2019,6.56e-05,0.187,0.911,0.495,8,0.353,-7.514,1,0.0776,166.103,4,0.348
Come As You Are,Nirvana,Live And Loud,live album,221,2019,0.000113,0.412,0.786,0.0622,5,0.818,-8.111,0,0.043,125.421,4,0.29
Lithium,Nirvana,Live And Loud,live album,260,2019,0.000549,0.392,0.755,0.00132,8,0.682,-7.781,1,0.0437,125.363,4,0.321
About A Girl,Nirvana,Live And Loud,live album,168,2019,1.08e-05,0.441,0.864,0.00174,10,0.415,-7.38,0,0.0449,130.842,4,0.294
"Endless, Nameless",Nirvana,Live And Loud,live album,808,2019,7.55e-05,0.219,0.873,0.854,1,0.428,-8.691,1,0.104,153.353,4,0.177
About A Girl,Nirvana,Mtv Unplugged In New York,live album,218,1994,0.14,0.606,0.769,1.64e-05,3,0.841,-9.215,0,0.0713,121.042,4,0.593
Come As You Are,Nirvana,Mtv Unplugged In New York,live album,253,1994,0.554,0.683,0.766,0.00346,5,0.0815,-8.733,0,0.041,119.19,4,0.568
Jesus Doesn'T Want Me For A Sunbeam,Nirvana,Mtv Unplugged In New York,live album,277,1994,0.0638,0.51,0.641,3.65e-06,8,0.272,-10.312,1,0.0812,113.646,4,0.295
The Man Who Sold The World,Nirvana,Mtv Unplugged In New York,live album,261,1994,0.425,0.483,0.753,0.000142,1,0.257,-8.937,0,0.0832,115.102,4,0.42
Pennyroyal Tea,Nirvana,Mtv Unplugged In New York,live album,220,1994,0.306,0.497,0.474,1.82e-06,1,0.105,-8.047,0,0.033,113.022,4,0.0411
Dumb,Nirvana,Mtv Unplugged In New York,live album,172,1994,0.567,0.69,0.542,0.000779,6,0.853,-9.119,1,0.0367,109.449,4,0.673
Polly,Nirvana,Mtv Unplugged In New York,live album,196,1994,0.683,0.618,0.392,7.09e-05,11,0.905,-11.941,1,0.0388,115.075,4,0.437
On A Plain,Nirvana,Mtv Unplugged In New York,live album,224,1994,0.433,0.703,0.795,0.0,1,0.453,-8.632,1,0.0409,117.946,4,0.631
Something In The Way,Nirvana,Mtv Unplugged In New York,live album,241,1994,0.656,0.547,0.335,0.000161,1,0.115,-13.304,1,0.0501,106.099,4,0.109
Plateau,Nirvana,Mtv Unplugged In New York,live album,218,1994,0.49,0.45,0.501,2.51e-05,4,0.552,-12.611,1,0.0712,84.841,4,0.327
Oh Me,Nirvana,Mtv Unplugged In New York,live album,206,1994,0.726,0.538,0.51,0.0187,8,0.205,-13.192,1,0.102,72.471,4,0.262
Lake Of Fire,Nirvana,Mtv Unplugged In New York,live album,175,1994,0.277,0.541,0.618,4.02e-05,1,0.413,-9.652,0,0.179,145.464,4,0.68
All Apologies,Nirvana,Mtv Unplugged In New York,live album,263,1994,0.5,0.569,0.579,2.79e-05,1,0.109,-10.988,1,0.0716,108.998,4,0.407
Where Did You Sleep Last Night,Nirvana,Mtv Unplugged In New York,live album,306,1994,0.667,0.573,0.59,0.000397,3,0.691,-8.43,1,0.0557,108.789,3,0.364
Intro,Nirvana,From The Muddy Banks Of The Wishkah,live album,52,1996,0.429,0.391,0.48,0.0375,2,0.518,-10.866,1,0.113,124.939,4,0.734
School,Nirvana,From The Muddy Banks Of The Wishkah,live album,160,1996,0.00553,0.137,0.98,5.39e-05,4,0.691,-5.924,0,0.0842,170.199,4,0.299
Drain You,Nirvana,From The Muddy Banks Of The Wishkah,live album,214,1996,0.00556,0.412,0.962,0.139,1,0.58,-5.734,1,0.139,135.575,4,0.178
Aneurysm,Nirvana,From The Muddy Banks Of The Wishkah,live album,271,1996,0.00147,0.212,0.972,0.0201,4,0.962,-4.68,0,0.186,137.319,4,0.0704
Smells Like Teen Spirit,Nirvana,From The Muddy Banks Of The Wishkah,live album,287,1996,0.000373,0.399,0.94,0.00243,8,0.684,-6.488,1,0.138,126.261,4,0.354
Been A Son,Nirvana,From The Muddy Banks Of The Wishkah,live album,127,1996,0.000241,0.243,0.971,0.198,4,0.866,-4.199,0,0.0751,148.184,4,0.309
Lithium,Nirvana,From The Muddy Banks Of The Wishkah,live album,250,1996,0.0374,0.39,0.899,0.0,9,0.665,-6.46,1,0.0949,127.456,4,0.214
Sliver,Nirvana,From The Muddy Banks Of The Wishkah,live album,115,1996,0.000969,0.343,0.97,6.13e-05,11,0.687,-5.386,1,0.0959,146.802,4,0.565
Spank Thru,Nirvana,From The Muddy Banks Of The Wishkah,live album,190,1996,0.00268,0.281,0.903,0.000316,2,0.88,-6.615,1,0.0481,129.836,4,0.385
Scentless Apprentice,Nirvana,From The Muddy Banks Of The Wishkah,live album,211,1996,2.96e-06,0.356,0.952,0.494,1,0.67,-6.74,1,0.0887,93.275,4,0.148
Heart-Shaped Box,Nirvana,From The Muddy Banks Of The Wishkah,live album,281,1996,0.241,0.419,0.799,5.84e-06,1,0.136,-7.036,1,0.0452,105.933,4,0.262
Milk It,Nirvana,From The Muddy Banks Of The Wishkah,live album,225,1996,0.00255,0.412,0.856,0.00202,1,0.692,-7.132,1,0.147,144.497,4,0.192
Negative Creep,Nirvana,From The Muddy Banks Of The Wishkah,live album,163,1996,0.00054,0.185,0.988,7.47e-06,2,0.981,-6.426,1,0.201,168.816,4,0.0955
Polly,Nirvana,From The Muddy Banks Of The Wishkah,live album,150,1996,0.0027,0.455,0.981,0.000104,0,0.126,-6.242,1,0.101,145.724,4,0.349
Breed,Nirvana,From The Muddy Banks Of The Wishkah,live album,208,1996,0.000453,0.206,0.946,0.0105,2,0.265,-6.647,1,0.291,154.05,4,0.107
Tourette'S,Nirvana,From The Muddy Banks Of The Wishkah,live album,115,1996,0.000971,0.267,0.966,0.943,1,0.905,-6.005,1,0.129,169.56,4,0.249
Blew,Nirvana,From The Muddy Banks Of The Wishkah,live album,216,1996,0.000368,0.222,0.949,0.00013,7,0.708,-6.75,1,0.168,132.535,4,0.227
Heartbreaker,Nirvana,With The Lights Out,box set,178,2004,0.000784,0.241,0.597,0.836,11,0.414,-8.399,1,0.0456,97.765,4,0.278
Anorexorcist,Nirvana,With The Lights Out,box set,163,2004,0.000337,0.321,0.973,0.744,9,0.173,-1.996,0,0.076,152.033,4,0.426
White Lace And Strange,Nirvana,With The Lights Out,box set,127,2004,0.00252,0.191,0.985,0.288,9,0.327,-2.372,1,0.227,172.851,4,0.543
"Help Me, I'M Hungry",Nirvana,With The Lights Out,box set,160,2004,0.129,0.44,0.919,0.757,9,0.255,-5.811,1,0.0738,108.088,4,0.374
Mrs. Butterworth,Nirvana,With The Lights Out,box set,244,2004,0.00329,0.473,0.79,0.152,9,0.58,-6.666,0,0.0514,86.634,4,0.594
If You Must,Nirvana,With The Lights Out,box set,239,2004,0.0015,0.456,0.864,0.00359,4,0.217,-2.691,1,0.0346,102.626,3,0.442
Pen Cap Chew,Nirvana,With The Lights Out,box set,180,2004,0.0333,0.501,0.815,0.0219,10,0.05,-4.62,0,0.0487,88.657,4,0.234
Downer,Nirvana,With The Lights Out,box set,103,2004,0.48,0.351,0.955,0.0,4,0.837,-5.551,1,0.147,102.786,4,0.638
Floyd The Barber,Nirvana,With The Lights Out,box set,151,2004,0.154,0.232,0.964,0.0199,4,0.109,-4.877,1,0.151,137.491,4,0.198
Raunchola/Moby Dick,Nirvana,With The Lights Out,box set,383,2004,0.00743,0.201,0.973,0.685,6,0.548,-5.402,1,0.356,85.419,4,0.0696
Beans,Nirvana,With The Lights Out,box set,91,2004,0.463,0.592,0.246,0.0,8,0.265,-10.527,0,0.362,145.515,4,0.727
Don'T Want It All,Nirvana,With The Lights Out,box set,143,2004,0.0671,0.596,0.511,0.795,8,0.146,-8.688,0,0.125,143.189,4,0.248
Clean Up Before She Comes,Nirvana,With The Lights Out,box set,190,2004,0.177,0.61,0.388,0.202,3,0.386,-9.286,1,0.0598,122.202,4,0.694
Polly,Nirvana,With The Lights Out,box set,148,2004,0.749,0.445,0.637,1.97e-05,6,0.0766,-5.94,1,0.0466,129.564,4,0.692
About A Girl,Nirvana,With The Lights Out,box set,162,2004,0.641,0.478,0.45,0.858,2,0.0875,-11.5,0,0.0295,115.829,4,0.339
Blandest,Nirvana,With The Lights Out,box set,235,2004,3.42e-05,0.291,0.973,0.0119,10,0.191,-3.325,0,0.102,122.159,4,0.286
Dive,Nirvana,With The Lights Out,box set,288,2004,0.00127,0.298,0.923,0.011,11,0.188,-4.147,1,0.0801,122.302,4,0.179
They Hung Him On A Cross,Nirvana,With The Lights Out,box set,115,2004,0.895,0.333,0.402,0.0,4,0.0955,-6.974,1,0.0317,94.488,4,0.374
Grey Goose,Nirvana,With The Lights Out,box set,275,2004,0.00348,0.31,0.644,0.806,4,0.215,-5.025,1,0.0341,107.677,4,0.228
Ain'T It A Shame,Nirvana,With The Lights Out,box set,121,2004,8.57e-06,0.419,0.973,0.000159,4,0.28,-5.172,1,0.0606,113.399,4,0.592
Token Eastern Song,Nirvana,With The Lights Out,box set,199,2004,0.000219,0.381,0.917,8.55e-06,9,0.121,-4.9,1,0.0741,136.941,4,0.45
Even In His Youth,Nirvana,With The Lights Out,box set,191,2004,4.35e-06,0.308,0.982,5.59e-06,0,0.326,-3.904,1,0.192,143.173,4,0.548
Opinion,Nirvana,With The Lights Out,box set,93,2004,0.826,0.417,0.466,0.0,6,0.211,-9.543,0,0.0398,149.472,4,0.71
Lithium,Nirvana,With The Lights Out,box set,108,2004,0.877,0.566,0.359,0.0,4,0.579,-9.27,1,0.0364,127.763,4,0.517
Been A Son,Nirvana,With The Lights Out,box set,71,2004,0.717,0.44,0.617,0.78,1,0.19,-9.253,0,0.0585,125.857,4,0.704
Sliver,Nirvana,With The Lights Out,box set,128,2004,0.961,0.695,0.374,0.886,8,0.127,-11.599,0,0.0555,128.464,4,0.675
Where Did You Sleep Last Night,Nirvana,With The Lights Out,box set,149,2004,0.961,0.613,0.254,0.875,8,0.115,-11.322,1,0.0315,120.017,3,0.285
Pay To Play,Nirvana,With The Lights Out,box set,208,2004,5.41e-05,0.405,0.962,0.863,9,0.483,-6.073,0,0.106,164.371,4,0.26
Here She Comes Now,Nirvana,With The Lights Out,box set,300,2004,0.0464,0.352,0.703,0.0386,0,0.123,-7.806,0,0.0297,118.829,4,0.149
Drain You,Nirvana,With The Lights Out,box set,157,2004,0.0201,0.294,0.834,0.000584,1,0.54,-4.009,0,0.0381,139.119,4,0.598
Aneurysm,Nirvana,With The Lights Out,box set,287,2004,1.75e-05,0.296,0.764,0.868,11,0.0771,-6.011,0,0.0429,130.524,4,0.316
Smells Like Teen Spirit,Nirvana,With The Lights Out,box set,338,2004,0.151,0.557,0.982,0.000265,8,0.253,-3.521,1,0.0901,117.27,4,0.402
Breed,Nirvana,With The Lights Out,box set,186,2004,5.36e-05,0.235,0.984,0.0,11,0.178,-4.308,1,0.17,158.087,4,0.0939
Verse Chorus Verse,Nirvana,With The Lights Out,box set,196,2004,0.000837,0.453,0.938,0.000171,9,0.453,-4.681,0,0.0478,131.77,4,0.39
Old Age,Nirvana,With The Lights Out,box set,259,2004,0.0291,0.489,0.841,0.00278,4,0.215,-6.814,1,0.0373,127.972,4,0.421
"Endless, Nameless",Nirvana,With The Lights Out,box set,526,2004,0.000324,0.323,0.979,0.865,0,0.111,-5.328,1,0.344,133.127,4,0.177
Dumb,Nirvana,With The Lights Out,box set,153,2004,0.423,0.646,0.701,1.17e-05,7,0.287,-7.447,1,0.0266,110.328,4,0.765
D-7,Nirvana,With The Lights Out,box set,225,2004,0.0349,0.297,0.923,0.739,5,0.0891,-4.939,1,0.0779,86.364,1,0.132
Oh The Guilt,Nirvana,With The Lights Out,box set,204,2004,4.85e-05,0.227,0.898,0.0,1,0.119,-2.493,1,0.0967,132.988,4,0.395
Curmudgeon,Nirvana,With The Lights Out,box set,182,2004,0.000141,0.257,0.883,1.91e-06,10,0.503,-2.557,1,0.072,124.938,4,0.326
Return Of The Rat,Nirvana,With The Lights Out,box set,188,2004,0.000222,0.425,0.945,0.00219,10,0.131,-3.95,0,0.0579,90.245,4,0.732
Rape Me,Nirvana,With The Lights Out,box set,201,2004,0.901,0.583,0.528,0.487,6,0.17,-7.48,0,0.0499,94.904,4,0.398
Scentless Apprentice,Nirvana,With The Lights Out,box set,572,2004,0.000287,0.221,0.892,0.65,6,0.117,-5.974,0,0.0744,153.924,4,0.798
Heart Shaped Box,Nirvana,With The Lights Out,box set,330,2004,0.00634,0.248,0.652,0.0341,1,0.221,-6.045,1,0.0735,203.56,4,0.35
I Hate Myself And Want To Die,Nirvana,With The Lights Out,box set,242,2004,0.0712,0.256,0.924,0.00971,1,0.0929,-3.755,0,0.0689,115.179,4,0.195
Milk It,Nirvana,With The Lights Out,box set,273,2004,0.0196,0.394,0.706,0.00101,1,0.322,-5.238,0,0.172,134.799,4,0.352
Moist Vagina,Nirvana,With The Lights Out,box set,115,2004,0.00893,0.392,0.5,0.0746,10,0.0958,-5.174,1,0.0473,110.023,4,0.444
Gallons Of Rubbing Alcohol Flow Through The Strip,Nirvana,With The Lights Out,box set,452,2004,0.000241,0.472,0.484,0.291,4,0.0626,-7.447,1,0.03,104.237,4,0.351
The Other Improv,Nirvana,With The Lights Out,box set,382,2004,0.237,0.361,0.587,8.71e-05,6,0.346,-4.979,1,0.0575,164.979,4,0.375
Serve The Servants,Nirvana,With The Lights Out,box set,94,2004,0.67,0.535,0.598,0.59,8,0.269,-6.459,1,0.0289,107.364,4,0.519
Very Ape,Nirvana,With The Lights Out,box set,111,2004,0.739,0.577,0.771,0.705,2,0.11,-6.636,1,0.14,133.702,4,0.784
Pennyroyal Tea,Nirvana,With The Lights Out,box set,208,2004,0.927,0.511,0.546,0.523,1,0.116,-7.403,0,0.0349,132.393,4,0.221
Marigold,Nirvana,With The Lights Out,box set,152,2004,0.0337,0.351,0.395,0.00454,10,0.122,-8.745,1,0.0361,176.836,4,0.302
Sappy,Nirvana,With The Lights Out,box set,205,2004,1.04e-05,0.406,0.81,1.34e-06,1,0.325,-6.127,1,0.0343,128.282,4,0.638
Jesus Doesn'T Want Me For A Sunbeam,Nirvana,With The Lights Out,box set,235,2004,0.839,0.49,0.474,0.594,8,0.114,-7.07,1,0.0286,114.906,4,0.324
Do Re Mi,Nirvana,With The Lights Out,box set,262,2004,0.829,0.562,0.75,0.546,7,0.124,-4.459,0,0.0328,122.217,4,0.416
You Know You'Re Right,Nirvana,With The Lights Out,box set,149,2004,0.979,0.412,0.455,0.443,5,0.236,-9.665,0,0.0339,85.02,4,0.656
All Apologies,Nirvana,With The Lights Out,box set,213,2004,0.921,0.562,0.554,0.898,0,0.126,-7.994,1,0.0323,104.249,4,0.558
Heartbreaker,Nirvana,Sliver - The Best Of The Box,compilation album,177,2005,0.000967,0.243,0.591,0.817,11,0.466,-8.412,1,0.0446,97.456,4,0.269
Mrs. Butterworth,Nirvana,Sliver - The Best Of The Box,compilation album,244,2005,0.00355,0.475,0.794,0.196,9,0.656,-6.69,0,0.0534,86.242,4,0.603
Floyd The Barber,Nirvana,Sliver - The Best Of The Box,compilation album,151,2005,0.181,0.231,0.968,0.0156,4,0.129,-4.962,1,0.167,136.919,4,0.184
Clean Up Before She Comes,Nirvana,Sliver - The Best Of The Box,compilation album,190,2005,0.172,0.612,0.394,0.238,3,0.405,-9.264,1,0.058,122.098,4,0.675
About A Girl,Nirvana,Sliver - The Best Of The Box,compilation album,162,2005,0.637,0.479,0.462,0.83,2,0.0939,-11.501,0,0.03,115.833,4,0.281
Blandest,Nirvana,Sliver - The Best Of The Box,compilation album,235,2005,3.48e-05,0.295,0.974,0.00862,10,0.237,-3.319,0,0.0982,122.201,4,0.365
Ain'T It A Shame,Nirvana,Sliver - The Best Of The Box,compilation album,122,2005,1.08e-05,0.42,0.956,0.000305,4,0.196,-5.139,1,0.0668,113.349,4,0.655
Opinion,Nirvana,Sliver - The Best Of The Box,compilation album,93,2005,0.829,0.388,0.466,0.0,6,0.203,-9.512,0,0.0441,150.442,4,0.702
Lithium,Nirvana,Sliver - The Best Of The Box,compilation album,108,2005,0.885,0.572,0.35,0.0,9,0.597,-9.252,1,0.0349,127.872,4,0.504
Sliver,Nirvana,Sliver - The Best Of The Box,compilation album,128,2005,0.962,0.664,0.366,0.886,8,0.127,-11.542,0,0.062,128.482,4,0.664
Smells Like Teen Spirit,Nirvana,Sliver - The Best Of The Box,compilation album,338,2005,0.148,0.555,0.983,0.000264,8,0.261,-3.513,1,0.091,117.261,4,0.431
Come As You Are,Nirvana,Sliver - The Best Of The Box,compilation album,249,2005,0.163,0.397,0.874,0.0171,4,0.329,-5.683,1,0.0325,120.076,4,0.759
Old Age,Nirvana,Sliver - The Best Of The Box,compilation album,259,2005,0.0315,0.492,0.835,0.00385,0,0.212,-6.768,1,0.039,128.106,4,0.466
Oh The Guilt,Nirvana,Sliver - The Best Of The Box,compilation album,204,2005,5.21e-05,0.239,0.885,1.22e-06,1,0.121,-2.483,1,0.0881,132.795,4,0.425
Rape Me,Nirvana,Sliver - The Best Of The Box,compilation album,201,2005,0.889,0.581,0.536,0.62,6,0.174,-7.509,0,0.0512,94.8,4,0.413
Heart Shaped Box,Nirvana,Sliver - The Best Of The Box,compilation album,330,2005,0.00677,0.452,0.653,0.0353,1,0.199,-6.042,1,0.0506,102.153,4,0.338
Do Re Mi,Nirvana,Sliver - The Best Of The Box,compilation album,262,2005,0.84,0.561,0.749,0.615,7,0.124,-4.465,0,0.0328,122.136,4,0.394
You Know You'Re Right,Nirvana,Sliver - The Best Of The Box,compilation album,149,2005,0.979,0.41,0.456,0.536,5,0.214,-9.619,0,0.0336,84.985,4,0.609
All Apologies,Nirvana,Sliver - The Best Of The Box,compilation album,213,2005,0.919,0.571,0.552,0.85,0,0.15,-8.046,1,0.0314,106.549,4,0.575
Spank Thru,Nirvana,Sliver - The Best Of The Box,compilation album,224,2005,0.434,0.344,0.838,0.0,1,0.191,-5.9,1,0.0955,109.682,4,0.402
Sappy,Nirvana,Sliver - The Best Of The Box,compilation album,211,2005,2.05e-05,0.41,0.899,1.78e-05,2,0.133,-8.143,1,0.0505,130.91,4,0.307
You Know You'Re Right,Nirvana,Nirvana,compilation album,217,2002,0.0284,0.271,0.755,0.000411,5,0.123,-6.306,0,0.142,177.02,4,0.437
About A Girl,Nirvana,Nirvana,compilation album,166,2002,2.88e-05,0.408,0.927,1.34e-05,11,0.298,-4.501,0,0.0374,131.693,4,0.59
Been A Son,Nirvana,Nirvana,compilation album,140,2002,0.00655,0.416,0.941,0.00121,9,0.142,-5.011,1,0.0881,142.749,4,0.536
Sliver,Nirvana,Nirvana,compilation album,131,2002,6.13e-05,0.427,0.852,0.000943,5,0.11,-5.579,1,0.0773,141.279,4,0.419
Smells Like Teen Spirit,Nirvana,Nirvana,compilation album,301,2002,1.64e-05,0.5,0.878,0.000249,1,0.112,-5.928,1,0.0484,116.697,4,0.794
Come As You Are,Nirvana,Nirvana,compilation album,219,2002,0.000105,0.519,0.815,0.00261,4,0.0993,-6.349,0,0.0354,119.944,4,0.497
Lithium,Nirvana,Nirvana,compilation album,255,2002,0.00133,0.678,0.678,0.0,7,0.0855,-5.866,1,0.038,123.207,4,0.433
In Bloom,Nirvana,Nirvana,compilation album,253,2002,3.6e-05,0.446,0.843,4.82e-05,10,0.222,-5.868,0,0.0555,158.226,4,0.579
Heart-Shaped Box,Nirvana,Nirvana,compilation album,279,2002,0.0921,0.244,0.825,0.0057,1,0.0984,-6.788,1,0.116,199.655,4,0.297
Pennyroyal Tea,Nirvana,Nirvana,compilation album,215,2002,5.74e-05,0.392,0.752,5.71e-05,9,0.116,-7.373,1,0.0526,114.276,4,0.152
Rape Me,Nirvana,Nirvana,compilation album,169,2002,0.00286,0.413,0.86,2.92e-06,8,0.0904,-7.559,1,0.0537,112.058,4,0.218
Dumb,Nirvana,Nirvana,compilation album,149,2002,0.184,0.692,0.487,0.215,11,0.329,-8.941,1,0.0268,113.789,4,0.827
All Apologies,Nirvana,Nirvana,compilation album,225,2002,0.419,0.638,0.56,7.24e-05,1,0.686,-8.401,1,0.0312,109.001,4,0.247
The Man Who Sold The World,Nirvana,Nirvana,compilation album,227,2002,0.373,0.481,0.687,0.000319,1,0.922,-7.756,0,0.0294,115.129,4,0.366
Polly,Nirvana,Nevermind,studio album,173,1991,0.884,0.83,0.382,0.301,2,0.11,-11.231,0,0.0566,121.12,4,0.54
Pennyroyal Tea,Nirvana,In Utero,studio album,218,1993,0.000351,0.428,0.449,0.000498,1,0.253,-12.114,0,0.0342,113.308,4,0.196
Frances Farmer Will Have Her Revenge On Seattle,Nirvana,In Utero,studio album,250,1993,5.66e-05,0.482,0.723,0.000432,10,0.0939,-10.08,0,0.0425,117.051,4,0.554
On A Plain,Nirvana,Nevermind,studio album,194,1991,0.000119,0.428,0.946,3.37e-06,2,0.141,-4.674,1,0.102,133.26,4,0.358
Been A Son,Nirvana,Lithium,single,153,1992,0.00174,0.292,0.884,0.112,7,0.681,-11.712,1,0.0826,142.924,4,0.247
Dumb,Nirvana,In Utero,studio album,151,1993,0.428,0.697,0.395,0.653,6,0.173,-13.58,1,0.0281,113.589,4,0.876
All Apologies,Nirvana,In Utero,studio album,233,1993,0.0793,0.446,0.632,0.000266,1,0.0881,-12.197,1,0.034,113.176,4,0.359
Very Ape,Nirvana,In Utero,studio album,115,1993,3.11e-06,0.262,0.886,0.368,1,0.188,-9.392,1,0.0336,152.09,4,0.965
Serve The Servants,Nirvana,In Utero,studio album,217,1993,1.13e-05,0.435,0.895,0.0318,10,0.19,-8.7,1,0.0421,119.659,4,0.668
Smells Like Teen Spirit,Nirvana,Nevermind,studio album,301,1991,1.22e-05,0.485,0.863,0.0162,1,0.138,-9.027,1,0.0495,116.835,4,0.767
In Bloom,Nirvana,Nevermind,studio album,254,1991,9.84e-06,0.433,0.744,7.73e-05,10,0.29,-8.97,0,0.0449,157.18,4,0.595
Come As You Are,Nirvana,Nevermind,studio album,219,1991,3.72e-05,0.52,0.755,0.00871,4,0.0721,-9.422,0,0.037,120.015,4,0.505
Breed,Nirvana,Nevermind,studio album,183,1991,2.17e-06,0.267,0.941,0.339,11,0.113,-8.836,1,0.0547,159.003,4,0.464
Lithium,Nirvana,Nevermind,studio album,257,1991,0.000194,0.686,0.607,0.0,7,0.0621,-8.964,1,0.0368,123.258,4,0.436
Territorial Pissings,Nirvana,Nevermind,studio album,142,1991,4.84e-05,0.309,0.954,0.00146,2,0.347,-8.802,1,0.0953,182.45,4,0.112
Drain You,Nirvana,Nevermind,studio album,224,1991,1.69e-05,0.32,0.884,3.72e-05,11,0.126,-10.193,0,0.0453,132.918,4,0.256
Lounge Act,Nirvana,Nevermind,studio album,156,1991,4.14e-06,0.369,0.908,0.00648,11,0.123,-9.766,0,0.0652,152.047,4,0.563
Stay Away,Nirvana,Nevermind,studio album,212,1991,3.63e-06,0.309,0.95,0.806,11,0.0866,-9.637,0,0.0615,165.255,4,0.345
Something In The Way,Nirvana,Nevermind,studio album,232,1991,0.558,0.421,0.138,0.554,8,0.112,-18.231,1,0.031,105.106,4,0.0628
Scentless Apprentice,Nirvana,In Utero,studio album,227,1993,1.18e-06,0.294,0.791,0.299,1,0.12,-9.029,1,0.0422,169.548,4,0.627
Heart-Shaped Box,Nirvana,In Utero,studio album,278,1993,0.0954,0.496,0.718,0.0297,1,0.0775,-9.554,1,0.0459,101.735,4,0.37
Rape Me,Nirvana,In Utero,studio album,169,1993,0.00168,0.424,0.832,1.99e-06,8,0.0775,-9.035,1,0.0528,112.086,4,0.238
Milk It,Nirvana,In Utero,studio album,233,1993,0.000114,0.463,0.606,0.0013,1,0.164,-9.994,0,0.05,136.213,4,0.565
Radio Friendly Unit Shifter,Nirvana,In Utero,studio album,289,1993,5.93e-05,0.311,0.968,0.0637,6,0.669,-8.931,1,0.0634,155.856,3,0.56
Tourette'S,Nirvana,In Utero,studio album,93,1993,1.8e-05,0.287,0.96,9.86e-06,10,0.215,-8.405,0,0.0572,87.504,4,0.322
All Apologies/Gallons Of Rubbing Alcohol Flow Through The Strip,Nirvana,In Utero,studio album,1892,1993,0.00163,0.0,2.02e-05,0.0293,6,0.11,-11.267,1,0.0,0.0,0,0.0
The One You Know,Alice In Chains,Rainier Fog,studio album,289,2018,0.000222,0.557,0.772,0.0192,6,0.196,-4.989,0,0.0325,77.533,4,0.567
Rainier Fog,Alice In Chains,Rainier Fog,studio album,301,2018,0.00011,0.539,0.909,0.613,8,0.128,-5.741,1,0.0342,115.977,4,0.627
Red Giant,Alice In Chains,Rainier Fog,studio album,325,2018,2.77e-05,0.47,0.845,0.329,6,0.0678,-5.642,1,0.0286,160.018,4,0.371
Fly,Alice In Chains,Rainier Fog,studio album,318,2018,0.000235,0.517,0.814,0.0617,6,0.182,-5.097,1,0.0263,105.004,4,0.363
Drone,Alice In Chains,Rainier Fog,studio album,390,2018,0.00118,0.352,0.804,8.52e-05,0,0.0958,-5.731,0,0.0603,131.918,3,0.558
Deaf Ears Blind Eyes,Alice In Chains,Rainier Fog,studio album,284,2018,2.47e-05,0.308,0.731,0.0575,7,0.186,-5.745,0,0.0298,75.063,4,0.273
Maybe,Alice In Chains,Rainier Fog,studio album,336,2018,0.000257,0.507,0.757,0.00011,6,0.0971,-5.66,1,0.0309,113.048,4,0.202
So Far Under,Alice In Chains,Rainier Fog,studio album,273,2018,0.000762,0.48,0.898,0.00356,7,0.0668,-5.459,0,0.0493,134.913,4,0.406
Never Fade,Alice In Chains,Rainier Fog,studio album,280,2018,3.85e-05,0.52,0.94,0.0713,10,0.123,-5.311,0,0.0356,126.977,4,0.743
All I Am,Alice In Chains,Rainier Fog,studio album,435,2018,0.000275,0.478,0.742,0.00671,1,0.0996,-5.569,0,0.0293,105.001,4,0.251
Hollow,Alice In Chains,The Devil Put Dinosaurs Here,studio album,341,2013,2.2e-05,0.453,0.825,0.593,6,0.372,-5.071,0,0.0352,98.005,3,0.176
Pretty Done,Alice In Chains,The Devil Put Dinosaurs Here,studio album,275,2013,6.75e-06,0.415,0.862,0.81,11,0.0629,-4.137,1,0.038,100.001,4,0.323
Stone,Alice In Chains,The Devil Put Dinosaurs Here,studio album,262,2013,6.1e-06,0.456,0.867,0.764,1,0.0914,-4.499,1,0.0399,75.991,4,0.558
Voices,Alice In Chains,The Devil Put Dinosaurs Here,studio album,342,2013,0.000143,0.509,0.751,0.157,8,0.108,-6.962,1,0.0351,106.003,4,0.133
The Devil Put Dinosaurs Here,Alice In Chains,The Devil Put Dinosaurs Here,studio album,398,2013,5.41e-05,0.362,0.767,0.501,5,0.107,-5.499,0,0.0302,92.011,4,0.201
Lab Monkey,Alice In Chains,The Devil Put Dinosaurs Here,studio album,358,2013,2.21e-05,0.347,0.741,0.912,6,0.102,-6.066,1,0.0327,108.189,4,0.195
Low Ceiling,Alice In Chains,The Devil Put Dinosaurs Here,studio album,315,2013,2.39e-05,0.262,0.824,0.211,10,0.0943,-4.615,0,0.0428,158.054,4,0.377
Breath on a Window,Alice In Chains,The Devil Put Dinosaurs Here,studio album,319,2013,5.37e-05,0.253,0.864,0.605,5,0.216,-5.067,0,0.0432,110.07,4,0.403
Scalpel,Alice In Chains,The Devil Put Dinosaurs Here,studio album,321,2013,2.36e-05,0.39,0.657,0.392,8,0.117,-5.951,1,0.0312,104.674,4,0.278
Phantom Limb,Alice In Chains,The Devil Put Dinosaurs Here,studio album,427,2013,3.67e-05,0.283,0.857,0.769,10,0.119,-3.918,0,0.0444,138.186,4,0.326
Hung on a Hook,Alice In Chains,The Devil Put Dinosaurs Here,studio album,334,2013,4.65e-06,0.225,0.562,0.772,1,0.0897,-6.147,1,0.0318,98.814,4,0.067
Choke,Alice In Chains,The Devil Put Dinosaurs Here,studio album,344,2013,0.000168,0.515,0.695,0.783,3,0.158,-6.518,0,0.0283,103.92,4,0.208
All Secrets Known,Alice In Chains,Black Gives Way to Blue,studio album,282,2009,4.61e-06,0.384,0.82,0.0291,1,0.137,-5.676,1,0.0464,112.04,3,0.313
Check My Brain,Alice In Chains,Black Gives Way to Blue,studio album,237,2009,3.28e-06,0.441,0.845,0.0533,10,0.723,-3.315,1,0.0462,113.989,4,0.304
Last of My Kind,Alice In Chains,Black Gives Way to Blue,studio album,352,2009,2.41e-05,0.477,0.895,0.462,1,0.302,-4.231,1,0.0397,115.973,4,0.371
Your Decision,Alice In Chains,Black Gives Way to Blue,studio album,283,2009,4.42e-05,0.469,0.631,0.000375,3,0.09,-5.872,0,0.0262,99.96,4,0.192
A Looking in View,Alice In Chains,Black Gives Way to Blue,studio album,426,2009,5.3e-06,0.274,0.839,0.0326,6,0.257,-4.264,1,0.0489,122.182,4,0.217
When the Sun Rose Again,Alice In Chains,Black Gives Way to Blue,studio album,240,2009,0.16,0.597,0.468,0.000221,7,0.103,-9.028,0,0.0238,92.008,4,0.435
Acid Bubble,Alice In Chains,Black Gives Way to Blue,studio album,415,2009,8.64e-06,0.18,0.783,0.0382,5,0.0794,-4.332,0,0.0363,92.289,4,0.246
Lesson Learned,Alice In Chains,Black Gives Way to Blue,studio album,256,2009,9.27e-06,0.44,0.951,0.00773,1,0.116,-3.639,1,0.0533,108.018,4,0.323
Take Her Out,Alice In Chains,Black Gives Way to Blue,studio album,240,2009,2.85e-05,0.422,0.842,0.000424,8,0.0621,-4.829,1,0.0407,97.06,4,0.513
Private Hell,Alice In Chains,Black Gives Way to Blue,studio album,338,2009,5.51e-05,0.388,0.846,0.164,10,0.0828,-5.193,0,0.0335,103.93,4,0.351
Black Gives Way to Blue,Alice In Chains,Black Gives Way to Blue,studio album,183,2009,0.822,0.205,0.331,0.000695,8,0.0891,-9.265,1,0.0302,179.982,4,0.113
Black Gives Way to Blue - Piano Mix,Alice In Chains,Black Gives Way to Blue,studio album,180,2009,0.501,0.516,0.294,4.63e-05,8,0.101,-10.383,1,0.0266,89.964,4,0.107
Your Decision - Live,Alice In Chains,Black Gives Way to Blue,studio album,288,2009,0.00934,0.227,0.763,0.0128,6,0.163,-5.253,1,0.0291,96.619,4,0.223
Nutshell,Alice In Chains,Unplugged,live album,297,1996,0.328,0.36,0.548,0.217,3,0.971,-12.938,0,0.0468,121.801,3,0.244
Brother,Alice In Chains,Unplugged,live album,327,1996,0.557,0.405,0.365,0.00048,1,0.89,-10.927,1,0.0307,85.781,4,0.076
No Excuses,Alice In Chains,Unplugged,live album,297,1996,0.146,0.601,0.77,0.00195,3,0.802,-7.447,1,0.0415,121.067,4,0.723
Sludge Factory,Alice In Chains,Unplugged,live album,276,1996,0.0399,0.508,0.507,8.41e-06,1,0.943,-8.046,1,0.0257,166.469,3,0.227
Down In A Hole,Alice In Chains,Unplugged,live album,346,1996,0.0883,0.554,0.515,2.7e-05,6,0.883,-8.534,1,0.024,95.125,4,0.432
Angry Chair,Alice In Chains,Unplugged,live album,276,1996,0.0632,0.621,0.679,0.000497,8,0.988,-7.961,1,0.0475,109.413,4,0.185
Rooster,Alice In Chains,Unplugged,live album,401,1996,0.364,0.358,0.329,0.00265,0,0.137,-11.781,0,0.0298,145.04,4,0.141
Got Me Wrong,Alice In Chains,Unplugged,live album,300,1996,0.116,0.535,0.69,0.000113,8,0.73,-8.956,1,0.045,81.871,4,0.293
Heaven Beside You,Alice In Chains,Unplugged,live album,337,1996,0.259,0.651,0.701,2.28e-05,1,0.72,-8.198,1,0.0389,112.537,4,0.426
Would?,Alice In Chains,Unplugged,live album,223,1996,0.0467,0.613,0.7,2.09e-06,10,0.702,-7.779,0,0.0283,100.743,4,0.467
Frogs,Alice In Chains,Unplugged,live album,450,1996,0.325,0.574,0.398,0.0283,11,0.648,-12.857,1,0.0271,92.041,4,0.084
Over Now,Alice In Chains,Unplugged,live album,432,1996,0.167,0.608,0.502,0.00626,5,0.244,-10.45,0,0.0404,111.41,4,0.278
The Killer Is Me,Alice In Chains,Unplugged,live album,323,1996,0.277,0.468,0.682,0.195,1,0.829,-10.156,1,0.0418,121.983,4,0.327
Grind,Alice In Chains,Alice In Chains,studio album,284,1995,0.000146,0.393,0.883,0.000342,11,0.504,-5.884,1,0.0367,88.417,4,0.364
Brush Away,Alice In Chains,Alice In Chains,studio album,202,1995,0.102,0.505,0.875,0.00057,10,0.235,-5.624,0,0.0318,105.481,4,0.231
Sludge Factory,Alice In Chains,Alice In Chains,studio album,432,1995,0.00104,0.3,0.717,0.0142,3,0.165,-6.594,0,0.0307,164.402,4,0.418
Heaven Beside You,Alice In Chains,Alice In Chains,studio album,327,1995,0.00451,0.551,0.724,0.000167,10,0.116,-7.09,0,0.032,111.243,4,0.559
Head Creeps,Alice In Chains,Alice In Chains,studio album,388,1995,0.000772,0.317,0.976,0.154,8,0.13,-6.37,1,0.0546,101.505,4,0.243
Again,Alice In Chains,Alice In Chains,studio album,245,1995,0.000707,0.55,0.868,0.0245,7,0.121,-6.243,1,0.046,123.15,4,0.405
Shame In You,Alice In Chains,Alice In Chains,studio album,335,1995,0.000838,0.317,0.597,0.0223,8,0.119,-7.959,1,0.0268,140.824,4,0.18
God Am,Alice In Chains,Alice In Chains,studio album,248,1995,0.00819,0.464,0.923,0.0087,8,0.299,-6.535,0,0.208,157.635,4,0.445
So Close,Alice In Chains,Alice In Chains,studio album,165,1995,0.000183,0.455,0.973,0.083,4,0.109,-5.278,1,0.0565,142.497,4,0.371
Nothin' Song,Alice In Chains,Alice In Chains,studio album,340,1995,0.00181,0.303,0.805,0.000222,8,0.375,-7.422,1,0.0444,122.365,4,0.283
Frogs,Alice In Chains,Alice In Chains,studio album,498,1995,0.028,0.388,0.474,0.468,11,0.116,-9.574,1,0.0283,95.183,4,0.0871
Over Now,Alice In Chains,Alice In Chains,studio album,423,1995,0.174,0.481,0.566,0.0743,5,0.355,-10.054,0,0.0342,106.634,4,0.302
Rotten Apple,Alice In Chains,Jar Of Flies,extended play,418,1994,0.215,0.31,0.637,0.116,3,0.0619,-8.595,0,0.037,147.4,4,0.426
Nutshell,Alice In Chains,Jar Of Flies,extended play,259,1994,0.373,0.384,0.561,0.253,3,0.0775,-10.059,0,0.0296,136.136,3,0.159
I Stay Away,Alice In Chains,Jar Of Flies,extended play,254,1994,0.0452,0.174,0.781,0.00346,6,0.0822,-7.066,1,0.0406,81.37,4,0.276
No Excuses,Alice In Chains,Jar Of Flies,extended play,255,1994,0.0206,0.527,0.838,0.00062,3,0.07,-6.013,1,0.0323,117.454,4,0.721
Whale & Wasp,Alice In Chains,Jar Of Flies,extended play,157,1994,0.926,0.312,0.248,0.866,6,0.188,-10.576,1,0.0311,102.364,4,0.224
Don't Follow,Alice In Chains,Jar Of Flies,extended play,262,1994,0.781,0.314,0.37,0.139,1,0.122,-9.921,1,0.0286,116.066,1,0.28
Swing On This,Alice In Chains,Jar Of Flies,extended play,244,1994,0.0438,0.412,0.759,0.0995,5,0.352,-8.045,1,0.0411,129.742,4,0.447
Them Bones,Alice In Chains,Dirt,studio album,149,1992,0.0235,0.159,0.946,8.06e-06,9,0.387,-5.756,1,0.0629,165.014,1,0.309
Dam That River,Alice In Chains,Dirt,studio album,189,1992,0.00636,0.427,0.913,0.0,6,0.471,-5.545,0,0.0804,124.419,4,0.471
Rain When I Die,Alice In Chains,Dirt,studio album,361,1992,0.0183,0.422,0.859,0.000673,9,0.209,-6.778,1,0.0757,120.078,3,0.203
Down In A Hole,Alice In Chains,Dirt,studio album,338,1992,0.0134,0.357,0.795,0.00013,6,0.111,-5.909,1,0.0337,97.171,4,0.416
Sickman,Alice In Chains,Dirt,studio album,329,1992,0.00743,0.287,0.912,0.00069,1,0.0871,-5.553,1,0.0954,139.106,3,0.274
Rooster,Alice In Chains,Dirt,studio album,374,1992,0.0307,0.271,0.551,0.000581,3,0.118,-8.46,1,0.0272,143.899,3,0.2
Junkhead,Alice In Chains,Dirt,studio album,309,1992,0.0013,0.298,0.776,0.000271,11,0.096,-7.171,1,0.0376,140.453,4,0.245
Dirt,Alice In Chains,Dirt,studio album,316,1992,0.00323,0.258,0.926,5.15e-06,1,0.13,-5.901,1,0.0761,112.643,4,0.251
God Smack,Alice In Chains,Dirt,studio album,230,1992,0.0138,0.515,0.928,0.0,10,0.107,-6.392,0,0.0694,124.058,4,0.389
Untitled,Alice In Chains,Dirt,studio album,43,1992,0.401,0.11,0.424,0.269,3,0.658,-7.243,1,0.0408,85.946,1,0.416
Hate To Feel,Alice In Chains,Dirt,studio album,316,1992,0.115,0.293,0.909,0.0,8,0.0512,-5.394,1,0.0955,138.561,4,0.114
Angry Chair,Alice In Chains,Dirt,studio album,287,1992,0.0419,0.325,0.936,0.0,8,0.0415,-6.295,1,0.0848,106.988,4,0.159
Would?,Alice In Chains,Dirt,studio album,206,1992,0.000327,0.305,0.833,2.36e-05,6,0.091,-7.981,1,0.0398,100.675,4,0.586
We Die Young,Alice In Chains,Facelift,studio album,152,1990,1.79e-05,0.486,0.938,0.000103,1,0.361,-6.652,1,0.0704,125.816,4,0.525
Man in the Box,Alice In Chains,Facelift,studio album,285,1990,0.00045,0.355,0.791,0.0,8,0.0969,-7.565,1,0.0453,106.392,4,0.758
Sea Of Sorrow,Alice In Chains,Facelift,studio album,349,1990,0.0139,0.288,0.843,0.0,11,0.0555,-7.858,1,0.0633,122.147,4,0.311
Bleed The Freak,Alice In Chains,Facelift,studio album,242,1990,0.00252,0.245,0.749,7.87e-06,8,0.185,-9.352,0,0.0599,118.363,4,0.221
I Can't Remember,Alice In Chains,Facelift,studio album,222,1990,0.00146,0.277,0.736,2.43e-05,8,0.214,-8.851,1,0.0404,104.974,4,0.185
"Love, Hate, Love",Alice In Chains,Facelift,studio album,387,1990,0.00783,0.323,0.633,0.000112,8,0.0435,-9.014,1,0.0402,103.978,4,0.209
It Ain't Like That,Alice In Chains,Facelift,studio album,277,1990,0.00905,0.445,0.842,3.57e-05,8,0.295,-7.9,0,0.0417,102.859,4,0.676
Sunshine,Alice In Chains,Facelift,studio album,285,1990,0.00297,0.178,0.787,6.9e-06,1,0.163,-7.008,1,0.0476,76.932,4,0.37
Put You Down,Alice In Chains,Facelift,studio album,195,1990,0.00068,0.363,0.901,1.88e-05,5,0.348,-8.147,0,0.0558,113.575,4,0.574
Confusion,Alice In Chains,Facelift,studio album,344,1990,0.00666,0.251,0.734,4.73e-05,3,0.116,-7.43,1,0.0397,149.831,4,0.129
I Know Somethin (Bout You),Alice In Chains,Facelift,studio album,262,1990,7.98e-05,0.414,0.822,1.78e-06,8,0.402,-8.972,0,0.0597,113.363,4,0.747
Real Thing,Alice In Chains,Facelift,studio album,245,1990,0.00993,0.341,0.883,0.0,8,0.0714,-7.342,1,0.0906,123.056,4,0.265
Man in the Box,Alice In Chains,Greatest Hits,compilation album,287,2001,0.00144,0.339,0.854,0.0,8,0.0942,-4.577,1,0.0493,106.145,4,0.675
Them Bones,Alice In Chains,Greatest Hits,compilation album,150,2001,0.0249,0.153,0.955,4.63e-05,9,0.264,-4.62,1,0.0618,165.017,1,0.294
Rooster,Alice In Chains,Greatest Hits,compilation album,375,2001,0.161,0.262,0.636,0.00217,3,0.127,-5.945,1,0.0278,142.988,4,0.18
Angry Chair,Alice In Chains,Greatest Hits,compilation album,288,2001,0.0633,0.311,0.969,3.73e-06,8,0.0499,-3.986,1,0.104,106.817,4,0.129
Would?,Alice In Chains,Greatest Hits,compilation album,208,2001,0.00594,0.301,0.923,0.000756,6,0.0541,-5.458,1,0.0665,100.752,4,0.426
No Excuses,Alice In Chains,Greatest Hits,compilation album,255,2001,0.0209,0.53,0.851,0.000225,3,0.0784,-4.9,1,0.0309,117.468,4,0.687
I Stay Away,Alice In Chains,Greatest Hits,compilation album,254,2001,0.0915,0.195,0.855,0.000571,6,0.0886,-5.328,1,0.0442,82.974,4,0.36
Grind,Alice In Chains,Greatest Hits,compilation album,286,2001,0.000206,0.254,0.923,0.000301,11,0.302,-4.523,1,0.0531,176.605,4,0.317
Heaven Beside You,Alice In Chains,Greatest Hits,compilation album,329,2001,0.00217,0.531,0.769,0.00101,10,0.138,-4.902,0,0.0349,111.272,4,0.523
Again,Alice In Chains,Greatest Hits,compilation album,245,2001,0.000896,0.547,0.902,0.0198,7,0.133,-5.349,1,0.0533,123.193,4,0.366
Get Born Again,Alice In Chains,Music Bank,compilation album,324,1999,0.00129,0.339,0.863,0.024,8,0.145,-6.463,1,0.0561,102.682,4,0.271
I Can't Have You Blues,Alice In Chains,Music Bank,compilation album,240,1999,0.00496,0.333,0.975,0.0,1,0.308,-3.847,1,0.136,142.995,4,0.322
Whatcha Gonna Do,Alice In Chains,Music Bank,compilation album,173,1999,0.0292,0.388,0.99,1.06e-05,1,0.0637,-4.209,1,0.102,151.494,4,0.536
Social Parasite,Alice In Chains,Music Bank,compilation album,261,1999,0.00318,0.399,0.971,1.12e-06,8,0.337,-4.107,1,0.0853,138.942,4,0.398
Queen of the Rodeo,Alice In Chains,Music Bank,compilation album,278,1999,0.00243,0.155,0.743,0.128,1,0.392,-7.636,1,0.0473,50.465,4,0.369
Bleed the Freak,Alice In Chains,Music Bank,compilation album,211,1999,0.0012,0.169,0.773,0.0648,5,0.0759,-5.567,0,0.0479,127.104,4,0.409
Killing Yourself,Alice In Chains,Music Bank,compilation album,158,1999,0.00424,0.417,0.967,0.0,8,0.371,-4.347,1,0.184,143.105,4,0.233
We Die Young,Alice In Chains,Music Bank,compilation album,152,1999,3.82e-05,0.472,0.971,0.00023,1,0.248,-3.635,1,0.0703,125.74,4,0.422
Man in the Box,Alice In Chains,Music Bank,compilation album,287,1999,0.00112,0.338,0.853,0.0,8,0.0759,-4.589,1,0.0482,106.118,4,0.694
Sea Of Sorrow,Alice In Chains,Music Bank,compilation album,321,1999,0.00498,0.312,0.907,0.0,11,0.0504,-4.033,1,0.0724,130.681,4,0.324
I Can't Remember,Alice In Chains,Music Bank,compilation album,223,1999,0.00756,0.265,0.822,0.000117,8,0.211,-4.926,1,0.0444,104.287,4,0.196
"Love, Hate, Love",Alice In Chains,Music Bank,compilation album,389,1999,0.0341,0.303,0.726,0.000367,8,0.0424,-5.566,1,0.0479,102.528,4,0.158
It Ain't Like That,Alice In Chains,Music Bank,compilation album,278,1999,0.0313,0.426,0.907,0.000136,8,0.243,-4.199,1,0.0415,103.078,4,0.623
Confusion,Alice In Chains,Music Bank,compilation album,345,1999,0.0125,0.197,0.826,0.000406,3,0.0704,-4.713,1,0.0416,71.397,4,0.0982
Rooster,Alice In Chains,Music Bank,compilation album,346,1999,0.0229,0.322,0.568,0.00138,8,0.123,-6.74,1,0.0259,154.351,4,0.181
Right Turn,Alice In Chains,Music Bank,compilation album,194,1999,0.175,0.505,0.408,0.0,8,0.177,-7.436,1,0.0231,96.405,4,0.245
Got Me Wrong,Alice In Chains,Music Bank,compilation album,249,1999,0.146,0.485,0.915,0.00144,8,0.21,-4.954,1,0.0651,83.45,4,0.215
Rain When I Die,Alice In Chains,Music Bank,compilation album,362,1999,0.0395,0.409,0.915,0.0013,9,0.117,-5.348,1,0.0988,120.145,3,0.163
Fear The Voices,Alice In Chains,Music Bank,compilation album,297,1999,0.04,0.281,0.953,0.000298,4,0.148,-5.376,1,0.0848,101.15,4,0.345
Them Bones,Alice In Chains,Music Bank,compilation album,149,1999,0.0255,0.156,0.956,9.64e-05,9,0.313,-4.578,1,0.0623,165.217,1,0.345
Dam That River,Alice In Chains,Music Bank,compilation album,189,1999,0.00957,0.424,0.934,0.0,6,0.44,-4.19,0,0.0722,124.317,4,0.488
Sickman,Alice In Chains,Music Bank,compilation album,329,1999,0.018,0.279,0.948,0.00495,1,0.0971,-4.416,1,0.119,140.916,3,0.235
Junkhead,Alice In Chains,Music Bank,compilation album,310,1999,0.000132,0.278,0.762,0.000141,4,0.137,-5.437,1,0.0379,138.74,4,0.299
Dirt,Alice In Chains,Music Bank,compilation album,316,1999,0.0232,0.24,0.963,4.38e-06,1,0.154,-3.484,1,0.0867,113.578,4,0.174
God Smack,Alice In Chains,Music Bank,compilation album,230,1999,0.063,0.496,0.969,1.26e-05,10,0.158,-3.881,0,0.111,124.055,4,0.178
Iron Gland,Alice In Chains,Music Bank,compilation album,43,1999,0.354,0.0755,0.44,0.105,3,0.603,-5.641,1,0.0442,81.158,1,0.524
Angry Chair,Alice In Chains,Music Bank,compilation album,287,1999,0.0731,0.315,0.972,1.2e-06,8,0.0594,-3.845,1,0.111,107.388,4,0.123
Lying Season,Alice In Chains,Music Bank,compilation album,199,1999,0.000169,0.204,0.913,0.00857,1,0.041,-5.226,1,0.054,101.886,4,0.332
Would?,Alice In Chains,Music Bank,compilation album,207,1999,0.00621,0.295,0.926,0.00051,6,0.0694,-5.438,1,0.0648,100.231,4,0.442
Brother,Alice In Chains,Music Bank,compilation album,267,1999,0.384,0.45,0.541,4.95e-05,1,0.105,-6.823,1,0.0269,91.556,4,0.276
Am I Inside,Alice In Chains,Music Bank,compilation album,308,1999,0.872,0.413,0.32,0.0019,1,0.11,-8.987,1,0.0271,95.816,4,0.0477
I Stay Away,Alice In Chains,Music Bank,compilation album,254,1999,0.0815,0.201,0.85,0.00106,6,0.091,-5.329,1,0.0427,83.014,4,0.344
No Excuses,Alice In Chains,Music Bank,compilation album,257,1999,0.0204,0.527,0.849,0.000126,3,0.0744,-4.91,1,0.0312,117.436,4,0.708
Down in a Hole,Alice In Chains,Music Bank,compilation album,337,1999,0.0527,0.354,0.826,0.000294,6,0.122,-5.552,1,0.0364,97.248,4,0.409
Hate To Feel,Alice In Chains,Music Bank,compilation album,316,1999,0.25,0.285,0.94,0.0,8,0.236,-4.257,1,0.0982,138.722,4,0.0723
What the Hell Have I - Remix,Alice In Chains,Music Bank,compilation album,234,1999,0.00691,0.204,0.815,9.18e-05,8,0.191,-5.157,1,0.037,200.486,4,0.676
A Little Bitter - Remix,Alice In Chains,Music Bank,compilation album,228,1999,0.0202,0.427,0.943,4.71e-05,8,0.0841,-6.149,1,0.263,122.925,4,0.309
Grind,Alice In Chains,Music Bank,compilation album,284,1999,0.000216,0.242,0.92,0.000374,11,0.426,-4.632,1,0.0522,176.24,4,0.305
Again - Tattoo of Pain Mix,Alice In Chains,Music Bank,compilation album,241,1999,1.39e-05,0.499,0.932,0.143,7,0.395,-4.703,1,0.0596,123.043,4,0.325
Head Creeps,Alice In Chains,Music Bank,compilation album,388,1999,0.00191,0.276,0.989,0.249,8,0.252,-4.445,1,0.0739,101.064,4,0.19
God Am,Alice In Chains,Music Bank,compilation album,251,1999,0.0129,0.439,0.96,0.011,11,0.0961,-4.365,1,0.263,157.644,4,0.384
Frogs,Alice In Chains,Music Bank,compilation album,497,1999,0.0206,0.383,0.538,0.415,11,0.116,-7.691,1,0.0291,93.268,4,0.0667
Heaven Beside You,Alice In Chains,Music Bank,compilation album,330,1999,0.00273,0.529,0.784,0.000797,10,0.11,-4.559,0,0.0355,111.244,4,0.521
Nutshell,Alice In Chains,Music Bank,compilation album,268,1999,0.259,0.376,0.522,0.149,3,0.98,-10.942,0,0.0352,123.247,3,0.232
The Killer Is Me,Alice In Chains,Music Bank,compilation album,316,1999,0.236,0.456,0.726,0.171,10,0.716,-8.957,0,0.04,121.786,4,0.316
Over Now,Alice In Chains,Music Bank,compilation album,355,1999,0.12,0.478,0.56,0.0585,5,0.692,-7.653,0,0.0286,111.118,4,0.285
Died,Alice In Chains,Music Bank,compilation album,357,1999,0.0413,0.448,0.812,0.00244,6,0.0928,-6.495,1,0.0327,104.588,4,0.497
Bleed the Freak,Alice In Chains,Live,live album,273,2000,0.000539,0.202,0.843,0.103,8,0.992,-6.009,1,0.0622,116.619,4,0.31
Queen of the Rodeo,Alice In Chains,Live,live album,280,2000,0.00644,0.207,0.75,0.0903,10,0.973,-8.158,0,0.0474,145.634,4,0.402
Angry Chair,Alice In Chains,Live,live album,262,2000,1.69e-05,0.265,0.946,0.0164,8,0.442,-5.617,1,0.0903,110.677,4,0.192
Man in the Box,Alice In Chains,Live,live album,288,2000,2.46e-05,0.387,0.964,0.0372,1,0.697,-5.626,1,0.12,115.141,4,0.215
"Love, Hate, Love",Alice In Chains,Live,live album,467,2000,0.00137,0.19,0.77,0.0744,8,0.965,-7.375,1,0.0731,89.676,4,0.13
Rooster,Alice In Chains,Live,live album,408,2000,0.00783,0.269,0.659,0.00508,8,0.686,-7.123,1,0.0397,133.087,3,0.177
Would?,Alice In Chains,Live,live album,228,2000,1.79e-05,0.203,0.922,0.535,1,0.789,-6.358,1,0.0682,92.48,4,0.27
Junkhead,Alice In Chains,Live,live album,320,2000,4.03e-05,0.326,0.902,0.00726,4,0.968,-6.156,1,0.0749,135.282,4,0.267
Dirt,Alice In Chains,Live,live album,323,2000,0.00229,0.254,0.956,0.328,6,0.976,-4.454,0,0.0686,122.484,4,0.259
Them Bones,Alice In Chains,Live,live album,159,2000,0.0388,0.0839,0.96,4.84e-05,9,0.965,-4.276,1,0.0787,169.416,1,0.212
God Am,Alice In Chains,Live,live album,238,2000,0.076,0.214,0.97,0.00857,8,0.961,-4.539,0,0.112,163.128,4,0.305
Again,Alice In Chains,Live,live album,263,2000,0.0568,0.424,0.986,0.00899,10,0.871,-5.02,0,0.102,125.909,4,0.071
A Little Bitter,Alice In Chains,Live,live album,231,2000,0.00479,0.252,0.986,3.73e-05,8,0.904,-3.948,0,0.226,120.782,4,0.119
Dam That River,Alice In Chains,Live,live album,212,2000,0.00194,0.299,0.976,1.97e-05,6,0.985,-3.585,0,0.126,127.82,4,0.133
We Die Young,Alice In Chains,The Essential Alice In Chains,compilation album,152,2006,4.66e-05,0.462,0.97,0.000267,1,0.331,-3.651,1,0.0708,125.802,4,0.389
Man in the Box,Alice In Chains,The Essential Alice In Chains,compilation album,286,2006,0.00136,0.337,0.849,0.0,8,0.0904,-4.604,1,0.0456,106.395,4,0.685
Sea Of Sorrow,Alice In Chains,The Essential Alice In Chains,compilation album,350,2006,0.0534,0.262,0.912,0.0,11,0.0509,-4.166,1,0.095,122.577,4,0.204
"Love, Hate, Love",Alice In Chains,The Essential Alice In Chains,compilation album,388,2006,0.0291,0.306,0.724,0.000328,8,0.0421,-5.584,1,0.0455,103.607,4,0.179
Am I Inside,Alice In Chains,The Essential Alice In Chains,compilation album,308,2006,0.873,0.415,0.319,0.00154,1,0.11,-9.092,1,0.0274,97.497,4,0.0462
Brother,Alice In Chains,The Essential Alice In Chains,compilation album,268,2006,0.375,0.451,0.542,6.76e-05,1,0.0945,-6.832,1,0.0267,91.636,4,0.275
Got Me Wrong,Alice In Chains,The Essential Alice In Chains,compilation album,250,2006,0.14,0.489,0.915,0.000969,8,0.197,-4.925,1,0.0568,83.352,4,0.231
Right Turn,Alice In Chains,The Essential Alice In Chains,compilation album,194,2006,0.199,0.498,0.397,0.0,8,0.178,-7.441,1,0.024,96.435,4,0.238
Rain When I Die,Alice In Chains,The Essential Alice In Chains,compilation album,362,2006,0.0397,0.408,0.92,0.000799,9,0.133,-5.169,1,0.0988,120.053,3,0.136
Them Bones,Alice In Chains,The Essential Alice In Chains,compilation album,150,2006,0.0209,0.154,0.951,4.18e-05,9,0.238,-4.557,1,0.0658,165.249,1,0.328
Angry Chair,Alice In Chains,The Essential Alice In Chains,compilation album,288,2006,0.0642,0.313,0.973,1.22e-06,8,0.0581,-3.855,1,0.109,107.3,4,0.118
Dam That River,Alice In Chains,The Essential Alice In Chains,compilation album,189,2006,0.00671,0.426,0.939,0.0,6,0.412,-4.174,0,0.0732,124.317,4,0.457
Dirt,Alice In Chains,The Essential Alice In Chains,compilation album,316,2006,0.0207,0.241,0.965,4.79e-06,1,0.177,-3.49,1,0.0925,112.616,4,0.168
God Smack,Alice In Chains,The Essential Alice In Chains,compilation album,230,2006,0.0637,0.496,0.969,7.73e-06,10,0.102,-3.785,0,0.117,124.046,4,0.198
Hate To Feel,Alice In Chains,The Essential Alice In Chains,compilation album,316,2006,0.231,0.28,0.942,0.0,8,0.0693,-4.238,1,0.0989,138.719,4,0.0773
Rooster,Alice In Chains,The Essential Alice In Chains,compilation album,376,2006,0.153,0.254,0.628,0.00202,3,0.123,-5.721,1,0.0274,146.004,4,0.148
No Excuses,Alice In Chains,The Essential Alice In Chains,compilation album,256,2006,0.0278,0.528,0.852,0.000211,3,0.0785,-4.923,1,0.0311,117.428,4,0.727
I Stay Away,Alice In Chains,The Essential Alice In Chains,compilation album,254,2006,0.104,0.177,0.84,0.000375,6,0.0883,-5.295,1,0.043,80.428,4,0.321
What the Hell Have I - Remix,Alice In Chains,The Essential Alice In Chains,compilation album,234,2006,0.00607,0.203,0.818,0.000207,8,0.17,-5.223,1,0.0376,200.54,4,0.644
A Little Bitter - Remix,Alice In Chains,The Essential Alice In Chains,compilation album,228,2006,0.0152,0.416,0.942,3.54e-05,8,0.083,-6.152,1,0.23,122.784,4,0.313
Grind,Alice In Chains,The Essential Alice In Chains,compilation album,286,2006,0.000229,0.381,0.915,0.000648,11,0.425,-4.611,1,0.0411,88.321,4,0.381
Heaven Beside You,Alice In Chains,The Essential Alice In Chains,compilation album,329,2006,0.00239,0.539,0.784,0.000736,10,0.114,-4.571,0,0.0352,111.257,4,0.484
Again,Alice In Chains,The Essential Alice In Chains,compilation album,245,2006,0.000635,0.543,0.91,0.0231,7,0.158,-5.339,1,0.0537,123.158,4,0.365
Over Now,Alice In Chains,The Essential Alice In Chains,compilation album,356,2006,0.0978,0.645,0.561,0.0424,5,0.692,-7.716,0,0.0276,111.559,4,0.25
Nutshell,Alice In Chains,The Essential Alice In Chains,compilation album,272,2006,0.224,0.383,0.503,0.113,3,0.976,-11.069,0,0.0311,122.417,3,0.237
Get Born Again,Alice In Chains,The Essential Alice In Chains,compilation album,324,2006,0.00134,0.337,0.866,0.0334,8,0.123,-6.481,1,0.0543,102.672,4,0.285
Died,Alice In Chains,The Essential Alice In Chains,compilation album,357,2006,0.0401,0.451,0.805,0.00273,8,0.0789,-6.525,1,0.0336,104.562,4,0.488
Would?,Alice In Chains,The Essential Alice In Chains,compilation album,208,2006,0.00699,0.293,0.924,0.000614,6,0.0566,-5.437,1,0.0637,100.309,4,0.478
Get Born Again,Alice In Chains,Nothing Safe,box set,327,1999,0.00163,0.342,0.861,0.0497,8,0.159,-6.657,1,0.0533,102.917,4,0.298
We Die Young,Alice In Chains,Nothing Safe,box set,146,1999,0.000464,0.333,0.948,1.12e-06,1,0.0364,-6.278,0,0.0673,132.647,4,0.342
Man in the Box,Alice In Chains,Nothing Safe,box set,286,1999,0.00233,0.349,0.833,4.76e-06,8,0.0579,-6.441,1,0.0467,106.428,4,0.7
Them Bones,Alice In Chains,Nothing Safe,box set,149,1999,0.0224,0.162,0.949,7.18e-06,9,0.386,-5.227,1,0.0611,164.622,1,0.301
Iron Gland,Alice In Chains,Nothing Safe,box set,44,1999,0.31,0.172,0.541,0.616,3,0.799,-6.441,1,0.0481,97.804,3,0.455
Angry Chair,Alice In Chains,Nothing Safe,box set,286,1999,0.0437,0.325,0.948,0.0,8,0.0392,-5.081,1,0.0955,107.264,4,0.157
Down in a Hole,Alice In Chains,Nothing Safe,box set,337,1999,0.014,0.358,0.819,0.000141,6,0.124,-5.495,1,0.0328,97.197,4,0.434
Rooster,Alice In Chains,Nothing Safe,box set,413,1999,0.00545,0.26,0.619,0.00832,8,0.723,-8.4,1,0.0382,137.304,3,0.181
Got Me Wrong,Alice In Chains,Nothing Safe,box set,263,1999,0.0761,0.579,0.683,4.96e-05,8,0.936,-7.535,1,0.0281,81.764,4,0.328
No Excuses,Alice In Chains,Nothing Safe,box set,255,1999,0.0185,0.524,0.837,0.000648,3,0.0877,-5.342,1,0.0322,117.432,4,0.715
I Stay Away,Alice In Chains,Nothing Safe,box set,254,1999,0.0436,0.197,0.784,0.00359,6,0.0839,-6.229,1,0.0418,81.778,4,0.285
What the Hell Have I,Alice In Chains,Nothing Safe,box set,237,1999,0.00127,0.445,0.917,0.0028,8,0.356,-4.683,1,0.0407,100.254,4,0.564
Grind,Alice In Chains,Nothing Safe,box set,284,1999,0.000163,0.239,0.906,0.000418,11,0.457,-4.662,1,0.0488,176.333,4,0.385
Again,Alice In Chains,Nothing Safe,box set,246,1999,0.000808,0.547,0.906,0.0119,7,0.115,-5.24,1,0.0534,123.185,4,0.381
Would?,Alice In Chains,Nothing Safe,box set,208,1999,0.000369,0.305,0.853,7.54e-06,6,0.0548,-7.156,1,0.0499,101.062,4,0.637
Who Ever Said,Pearl Jam,Gigaton,studio album,311,2020,0.0013,0.476,0.907,6.84e-06,9,0.167,-5.661,1,0.0516,149.16,4,0.527
Superblood Wolfmoon,Pearl Jam,Gigaton,studio album,229,2020,0.00556,0.511,0.93,0.0,9,0.395,-5.174,1,0.0521,153.389,4,0.884
Dance Of The Clairvoyants,Pearl Jam,Gigaton,studio album,265,2020,0.0106,0.734,0.717,0.000854,11,0.0796,-7.772,0,0.0413,113.975,4,0.637
Quick Escape,Pearl Jam,Gigaton,studio album,286,2020,0.000172,0.417,0.938,0.00268,9,0.46,-5.277,1,0.0699,163.55,4,0.415
Alright,Pearl Jam,Gigaton,studio album,223,2020,0.425,0.58,0.389,0.0848,4,0.0917,-10.609,1,0.0252,99.998,4,0.326
Seven O'Clock,Pearl Jam,Gigaton,studio album,374,2020,0.153,0.352,0.645,2.13e-06,9,0.109,-6.624,0,0.0388,199.929,4,0.449
Never Destination,Pearl Jam,Gigaton,studio album,257,2020,0.00332,0.418,0.98,1.3e-05,2,0.257,-5.318,1,0.0554,163.381,4,0.571
Take The Long Way,Pearl Jam,Gigaton,studio album,221,2020,0.0177,0.379,0.94,3.11e-05,2,0.373,-5.646,1,0.0619,175.991,1,0.765
Buckle Up,Pearl Jam,Gigaton,studio album,216,2020,0.344,0.643,0.471,0.00171,0,0.12,-9.87,1,0.0257,102.549,4,0.478
Comes Then Goes,Pearl Jam,Gigaton,studio album,362,2020,0.752,0.424,0.291,4.81e-06,9,0.193,-11.362,1,0.0306,121.474,4,0.261
Retrograde,Pearl Jam,Gigaton,studio album,322,2020,0.172,0.463,0.62,2.77e-05,8,0.111,-8.141,1,0.0301,107.076,4,0.259
River Cross,Pearl Jam,Gigaton,studio album,354,2020,0.544,0.498,0.51,0.000119,0,0.0839,-10.319,1,0.0358,119.937,4,0.225
Getaway,Pearl Jam,Lightning Bolt,studio album,206,2013,0.000378,0.562,0.931,0.0,0,0.273,-5.097,1,0.0515,131.151,4,0.79
Mind Your Manners,Pearl Jam,Lightning Bolt,studio album,158,2013,0.000117,0.569,0.905,0.000582,7,0.182,-5.424,1,0.0563,128.034,4,0.848
My Father's Son,Pearl Jam,Lightning Bolt,studio album,185,2013,0.00495,0.431,0.894,0.0,7,0.274,-5.645,1,0.0533,180.993,4,0.655
Sirens,Pearl Jam,Lightning Bolt,studio album,340,2013,0.00309,0.523,0.847,1.21e-05,3,0.146,-5.888,1,0.028,155.032,4,0.475
Lightning Bolt,Pearl Jam,Lightning Bolt,studio album,253,2013,0.00184,0.482,0.887,6.51e-05,9,0.149,-6.179,1,0.0307,151.013,4,0.814
Infallible,Pearl Jam,Lightning Bolt,studio album,320,2013,0.00849,0.519,0.787,3.09e-06,1,0.107,-6.285,1,0.0273,152.013,4,0.616
Pendulum,Pearl Jam,Lightning Bolt,studio album,221,2013,0.599,0.655,0.589,0.362,9,0.0846,-11.004,0,0.0295,107.049,4,0.32
Swallowed Whole,Pearl Jam,Lightning Bolt,studio album,231,2013,0.0055,0.463,0.872,0.0,7,0.445,-5.82,1,0.0302,139.509,4,0.683
Let The Records Play,Pearl Jam,Lightning Bolt,studio album,225,2013,0.016,0.493,0.885,1.61e-06,10,0.373,-5.665,1,0.054,140.019,4,0.662
Sleeping By Myself,Pearl Jam,Lightning Bolt,studio album,181,2013,0.0252,0.589,0.675,0.0,7,0.216,-7.603,1,0.0286,101.963,4,0.588
Yellow Moon,Pearl Jam,Lightning Bolt,studio album,230,2013,0.0192,0.43,0.636,0.000597,3,0.117,-7.943,1,0.0298,152.003,3,0.297
Future Days,Pearl Jam,Lightning Bolt,studio album,262,2013,0.41,0.538,0.266,0.0,1,0.0639,-12.464,1,0.0277,106.952,4,0.174
Gonna See My Friend,Pearl Jam,Backspacer,studio album,168,2009,1.69e-05,0.464,0.967,0.000677,9,0.0749,-4.233,1,0.0507,150.038,4,0.855
Got Some,Pearl Jam,Backspacer,studio album,182,2009,0.000179,0.464,0.905,3.2e-06,0,0.212,-5.38,1,0.0694,164.252,4,0.565
The Fixer,Pearl Jam,Backspacer,studio album,177,2009,7.94e-05,0.515,0.934,0.0047,11,0.327,-5.079,0,0.0371,152.24,3,0.894
Johnny Guitar,Pearl Jam,Backspacer,studio album,170,2009,0.000113,0.549,0.921,1.15e-05,2,0.0511,-5.637,1,0.041,144.019,4,0.825
Just Breathe,Pearl Jam,Backspacer,studio album,215,2009,0.721,0.473,0.348,7.42e-05,0,0.0823,-11.1,1,0.0288,107.819,4,0.283
Amongst The Waves,Pearl Jam,Backspacer,studio album,238,2009,0.00371,0.558,0.747,0.0,9,0.142,-6.07,1,0.0319,127.102,4,0.558
Unthought Known,Pearl Jam,Backspacer,studio album,248,2009,0.00255,0.611,0.567,7.1e-06,0,0.0996,-6.665,1,0.0311,118.777,4,0.689
Supersonic,Pearl Jam,Backspacer,studio album,160,2009,3.06e-05,0.386,0.96,0.00145,11,0.243,-4.746,1,0.0496,169.0,4,0.809
Speed Of Sound,Pearl Jam,Backspacer,studio album,214,2009,0.0528,0.464,0.723,3.1e-06,0,0.0848,-5.479,1,0.0314,136.645,3,0.363
Force Of Nature,Pearl Jam,Backspacer,studio album,244,2009,0.000144,0.616,0.8,1.1e-06,11,0.0812,-4.511,0,0.031,125.111,4,0.782
The End,Pearl Jam,Backspacer,studio album,177,2009,0.842,0.587,0.252,0.0,6,0.0946,-10.071,1,0.0358,117.296,4,0.332
Better Man,Pearl Jam,Backspacer,studio album,296,2009,0.00444,0.249,0.877,2.04e-06,2,0.966,-6.872,1,0.0946,140.688,4,0.298
Life Wasted,Pearl Jam,Pearl Jam,studio album,232,2006,0.00134,0.386,0.958,1.18e-06,4,0.321,-4.297,1,0.0645,141.965,4,0.497
World Wide Suicide,Pearl Jam,Pearl Jam,studio album,207,2006,0.000272,0.474,0.959,0.0,7,0.282,-3.865,1,0.0748,147.007,4,0.721
Comatose,Pearl Jam,Pearl Jam,studio album,139,2006,0.0067,0.226,0.966,8.58e-05,9,0.0944,-2.754,1,0.0834,197.007,4,0.221
Severed Hand,Pearl Jam,Pearl Jam,studio album,267,2006,5.64e-05,0.318,0.974,0.0144,5,0.467,-5.147,1,0.107,123.438,4,0.141
Marker In The Sand,Pearl Jam,Pearl Jam,studio album,261,2006,0.0119,0.3,0.932,2.14e-06,10,0.138,-4.398,1,0.0465,173.262,4,0.786
Parachutes,Pearl Jam,Pearl Jam,studio album,215,2006,0.533,0.534,0.575,0.0,7,0.0824,-6.427,1,0.0266,156.234,4,0.531
Unemployable,Pearl Jam,Pearl Jam,studio album,183,2006,0.0111,0.509,0.86,0.0,9,0.125,-4.883,1,0.0416,124.24,4,0.641
Big Wave,Pearl Jam,Pearl Jam,studio album,176,2006,0.005,0.346,0.947,5.54e-06,10,0.346,-3.561,1,0.0744,153.358,4,0.562
Gone,Pearl Jam,Pearl Jam,studio album,247,2006,0.166,0.28,0.65,0.0,2,0.101,-5.543,1,0.0319,109.857,4,0.173
Wasted Reprise,Pearl Jam,Pearl Jam,studio album,52,2006,0.893,0.233,0.214,0.0173,10,0.0856,-12.499,1,0.0348,127.892,5,0.104
Army Reserve,Pearl Jam,Pearl Jam,studio album,222,2006,0.00503,0.297,0.966,0.000148,11,0.854,-4.565,0,0.0919,178.885,4,0.589
Come Back,Pearl Jam,Pearl Jam,studio album,326,2006,0.0936,0.296,0.563,5.93e-05,5,0.116,-5.58,1,0.029,167.412,3,0.267
Inside Job,Pearl Jam,Pearl Jam,studio album,428,2006,0.329,0.283,0.487,0.0101,4,0.205,-7.979,0,0.0397,109.685,4,0.0739
Can't Keep,Pearl Jam,Riot Act,studio album,219,2002,0.00635,0.325,0.786,0.0269,7,0.468,-8.462,1,0.0332,182.596,4,0.422
Save You,Pearl Jam,Riot Act,studio album,230,2002,0.0205,0.298,0.947,0.000408,4,0.223,-6.583,0,0.0637,161.817,4,0.558
Love Boat Captain,Pearl Jam,Riot Act,studio album,276,2002,0.148,0.414,0.728,0.00187,0,0.115,-5.954,1,0.0421,123.542,4,0.176
Cropduster,Pearl Jam,Riot Act,studio album,231,2002,0.00152,0.5,0.894,0.000166,7,0.111,-5.572,1,0.0452,124.488,4,0.539
Ghost,Pearl Jam,Riot Act,studio album,194,2002,0.00406,0.42,0.892,3.53e-05,11,0.386,-5.756,0,0.0385,143.732,4,0.397
I Am Mine,Pearl Jam,Riot Act,studio album,215,2002,0.00394,0.323,0.728,0.000447,7,0.102,-5.416,1,0.0321,161.586,3,0.489
Thumbing My Way,Pearl Jam,Riot Act,studio album,248,2002,0.53,0.61,0.456,0.00213,2,0.106,-10.68,1,0.0295,115.596,4,0.256
You Are,Pearl Jam,Riot Act,studio album,268,2002,0.067,0.609,0.6,0.288,8,0.107,-8.428,1,0.0256,94.883,4,0.399
Get Right,Pearl Jam,Riot Act,studio album,158,2002,0.00108,0.443,0.974,1.22e-06,9,0.155,-4.629,0,0.0504,148.909,4,0.778
Green Disease,Pearl Jam,Riot Act,studio album,161,2002,0.00491,0.387,0.948,0.000154,9,0.158,-4.202,1,0.0721,174.033,4,0.532
Help Help,Pearl Jam,Riot Act,studio album,214,2002,0.0114,0.201,0.657,0.397,5,0.161,-6.931,1,0.0433,179.492,4,0.363
Bu$hleaguer,Pearl Jam,Riot Act,studio album,237,2002,0.0578,0.589,0.571,0.287,1,0.158,-9.121,0,0.0239,101.424,4,0.422
1/2 Full,Pearl Jam,Riot Act,studio album,250,2002,0.000559,0.297,0.928,6.76e-05,5,0.0813,-4.905,1,0.0671,151.923,3,0.28
Arc,Pearl Jam,Riot Act,studio album,65,2002,0.319,0.126,0.258,0.496,5,0.277,-7.578,1,0.0369,77.66,1,0.209
All or None,Pearl Jam,Riot Act,studio album,277,2002,0.0768,0.455,0.42,0.402,8,0.0552,-8.853,0,0.026,97.351,3,0.426
Breakerfall,Pearl Jam,Binaural,studio album,139,2000,0.045,0.304,0.918,0.31,9,0.325,-6.965,1,0.0853,159.454,4,0.267
Gods' Dice,Pearl Jam,Binaural,studio album,146,2000,0.00383,0.249,0.887,1e-05,2,0.301,-5.264,1,0.058,159.043,4,0.581
Evacuation,Pearl Jam,Binaural,studio album,176,2000,0.0032,0.495,0.963,0.000138,6,0.44,-6.583,0,0.0444,134.292,4,0.86
Light Years,Pearl Jam,Binaural,studio album,306,2000,0.0447,0.388,0.726,0.113,7,0.213,-6.911,1,0.0341,205.07,4,0.746
Nothing As It Seems,Pearl Jam,Binaural,studio album,321,2000,0.0362,0.241,0.508,0.599,9,0.167,-9.791,1,0.0275,140.627,4,0.0445
Thin Air,Pearl Jam,Binaural,studio album,212,2000,0.3,0.643,0.64,0.0135,4,0.144,-9.151,1,0.029,102.073,4,0.476
Insignificance,Pearl Jam,Binaural,studio album,268,2000,0.0332,0.291,0.903,0.0983,4,0.142,-6.837,0,0.0418,146.464,4,0.295
Of the Girl,Pearl Jam,Binaural,studio album,307,2000,0.394,0.523,0.441,0.781,1,0.395,-14.118,1,0.0362,115.464,4,0.0492
Grievance,Pearl Jam,Binaural,studio album,194,2000,0.0661,0.338,0.892,0.00159,9,0.0959,-5.746,1,0.065,154.005,4,0.582
Rival,Pearl Jam,Binaural,studio album,218,2000,0.02,0.557,0.735,0.236,8,0.175,-8.245,1,0.0427,142.773,3,0.698
Sleight of Hand,Pearl Jam,Binaural,studio album,287,2000,0.324,0.452,0.616,0.151,2,0.137,-8.898,1,0.0497,125.793,5,0.284
Soon Forget,Pearl Jam,Binaural,studio album,106,2000,0.98,0.623,0.0975,0.00011,11,0.116,-18.705,1,0.0758,100.046,4,0.511
Parting Ways,Pearl Jam,Binaural,studio album,437,2000,0.428,0.248,0.000241,0.893,4,0.135,-10.343,1,0.116,210.676,4,0.969
Brain of J.,Pearl Jam,Yield,studio album,180,1998,0.000607,0.186,0.939,4.18e-05,11,0.481,-6.119,0,0.114,169.966,4,0.368
Faithful,Pearl Jam,Yield,studio album,258,1998,0.000546,0.448,0.817,3.22e-06,0,0.349,-6.599,1,0.0345,109.646,4,0.403
No Way,Pearl Jam,Yield,studio album,259,1998,0.119,0.577,0.859,0.0,11,0.113,-6.02,0,0.0394,146.918,4,0.639
Given to Fly,Pearl Jam,Yield,studio album,238,1998,0.000294,0.317,0.764,0.099,7,0.0996,-7.076,1,0.0282,101.173,4,0.341
Wishlist,Pearl Jam,Yield,studio album,206,1998,0.0134,0.623,0.342,0.00412,0,0.106,-8.694,1,0.038,115.032,4,0.101
Pilate,Pearl Jam,Yield,studio album,175,1998,0.0059,0.538,0.699,5.13e-05,2,0.124,-7.358,1,0.0303,102.925,4,0.228
Do the Evolution,Pearl Jam,Yield,studio album,231,1998,0.00041,0.466,0.981,0.0108,10,0.0673,-5.011,1,0.063,140.643,4,0.325
Red Bar,Pearl Jam,Yield,studio album,66,1998,0.00632,0.487,0.676,0.827,11,0.0678,-13.263,1,0.0821,94.59,4,0.699
MFC,Pearl Jam,Yield,studio album,146,1998,0.00367,0.353,0.937,0.00207,0,0.232,-5.951,1,0.0869,151.023,4,0.173
Low Light,Pearl Jam,Yield,studio album,224,1998,0.044,0.404,0.596,0.0102,7,0.108,-8.015,1,0.0252,154.524,3,0.454
In Hiding,Pearl Jam,Yield,studio album,299,1998,0.00237,0.413,0.753,3.71e-05,2,0.191,-7.089,1,0.0294,104.911,4,0.392
"Push Me, Pull Me",Pearl Jam,Yield,studio album,146,1998,0.00688,0.346,0.954,0.0319,1,0.292,-6.712,0,0.216,150.467,4,0.127
All Those Yesterdays,Pearl Jam,Yield,studio album,460,1998,0.065,0.405,0.386,0.00959,5,0.0546,-7.493,1,0.0679,79.704,4,0.0687
Sometimes,Pearl Jam,No Code,studio album,161,1996,0.75,0.633,0.197,0.00151,0,0.12,-14.45,1,0.0298,103.38,4,0.0622
"Hail, Hail",Pearl Jam,No Code,studio album,221,1996,0.00137,0.355,0.953,3.93e-05,0,0.212,-4.4,1,0.0776,141.709,4,0.235
Who You Are,Pearl Jam,No Code,studio album,230,1996,0.0301,0.427,0.884,0.211,4,0.109,-8.631,1,0.0905,176.563,3,0.623
In My Tree,Pearl Jam,No Code,studio album,238,1996,0.0154,0.474,0.828,0.547,4,0.0798,-9.361,1,0.069,106.854,4,0.415
Smile,Pearl Jam,No Code,studio album,231,1996,0.00462,0.442,0.835,0.0855,7,0.169,-7.041,1,0.0295,156.396,4,0.683
Off He Goes,Pearl Jam,No Code,studio album,358,1996,0.574,0.684,0.344,0.00235,0,0.113,-14.825,1,0.029,101.39,4,0.343
Habit,Pearl Jam,No Code,studio album,215,1996,6.59e-05,0.26,0.969,0.000323,9,0.151,-4.297,0,0.0931,151.53,4,0.147
Red Mosquito,Pearl Jam,No Code,studio album,242,1996,0.25,0.17,0.738,0.000906,5,0.15,-6.678,1,0.0517,173.28,3,0.352
Lukin,Pearl Jam,No Code,studio album,62,1996,0.00981,0.419,0.957,0.000223,4,0.297,-5.479,0,0.0397,153.412,4,0.789
Present Tense,Pearl Jam,No Code,studio album,345,1996,0.403,0.403,0.272,0.17,2,0.0806,-13.492,1,0.0325,130.872,4,0.105
Mankind,Pearl Jam,No Code,studio album,208,1996,0.0102,0.346,0.889,0.00127,11,0.174,-5.835,1,0.0681,142.296,4,0.309
I'm Open,Pearl Jam,No Code,studio album,173,1996,0.896,0.198,0.359,0.83,8,0.11,-12.256,1,0.0359,179.61,4,0.0979
Around the Bend,Pearl Jam,No Code,studio album,276,1996,0.638,0.479,0.378,0.31,2,0.11,-14.173,1,0.0421,200.538,4,0.52
Last Exit,Pearl Jam,Vitalogy,studio album,175,1994,0.0599,0.513,0.951,0.000221,0,0.0474,-6.838,1,0.047,139.153,5,0.672
Spin the Black Circle,Pearl Jam,Vitalogy,studio album,167,1994,0.00063,0.236,0.99,0.0586,2,0.407,-4.719,0,0.095,217.913,4,0.141
Not for You,Pearl Jam,Vitalogy,studio album,352,1994,0.0294,0.588,0.676,0.0235,9,0.0725,-6.553,1,0.0324,119.902,4,0.13
Tremor Christ,Pearl Jam,Vitalogy,studio album,250,1994,0.0229,0.546,0.727,0.00616,1,0.102,-7.361,1,0.025,77.746,4,0.598
Nothingman,Pearl Jam,Vitalogy,studio album,274,1994,0.499,0.274,0.387,0.000345,5,0.108,-10.206,1,0.0304,96.018,4,0.15
Whipping,Pearl Jam,Vitalogy,studio album,154,1994,0.00323,0.368,0.986,6.61e-06,7,0.0787,-5.016,1,0.0533,165.902,4,0.452
"Pry, To",Pearl Jam,Vitalogy,studio album,61,1994,0.0435,0.35,0.439,7.81e-06,2,0.028,-15.798,1,0.0361,101.265,4,0.315
Corduroy,Pearl Jam,Vitalogy,studio album,277,1994,0.00241,0.487,0.93,2.82e-05,0,0.0841,-7.3,1,0.0632,131.304,4,0.134
Bugs,Pearl Jam,Vitalogy,studio album,164,1994,0.737,0.709,0.357,2.75e-06,10,0.0745,-10.28,1,0.0322,65.062,4,0.644
Satan's Bed,Pearl Jam,Vitalogy,studio album,204,1994,0.00047,0.578,0.954,7.08e-05,11,0.329,-6.959,0,0.0755,139.598,5,0.661
Better Man,Pearl Jam,Vitalogy,studio album,268,1994,0.165,0.445,0.671,1.56e-05,2,0.0791,-7.937,1,0.0387,125.712,4,0.267
Aye Davanita,Pearl Jam,Vitalogy,studio album,174,1994,0.166,0.646,0.774,0.732,11,0.0781,-10.709,0,0.035,130.609,4,0.284
Immortality,Pearl Jam,Vitalogy,studio album,318,1994,0.0798,0.633,0.543,0.00671,2,0.0964,-9.142,1,0.0296,129.089,4,0.118
Stupidmop,Pearl Jam,Vitalogy,studio album,443,1994,0.187,0.341,0.794,0.00838,4,0.104,-12.882,0,0.0786,97.217,4,0.291
Go,Pearl Jam,Vs.,studio album,193,1993,4.34e-06,0.469,0.863,0.353,5,0.33,-7.037,0,0.0494,140.264,4,0.375
Animal,Pearl Jam,Vs.,studio album,167,1993,7.74e-05,0.494,0.955,2.77e-06,7,0.051,-4.984,1,0.0626,106.087,4,0.487
Daughter,Pearl Jam,Vs.,studio album,234,1993,0.00746,0.615,0.702,0.00431,7,0.0608,-9.686,1,0.0278,96.987,4,0.734
Glorified G,Pearl Jam,Vs.,studio album,204,1993,0.000278,0.546,0.86,0.255,7,0.0961,-5.618,1,0.0455,115.319,4,0.726
Dissident,Pearl Jam,Vs.,studio album,214,1993,0.0031,0.267,0.864,0.0,0,0.116,-5.127,1,0.0481,146.698,4,0.531
W.M.A.,Pearl Jam,Vs.,studio album,357,1993,0.0213,0.591,0.77,0.14,7,0.069,-9.335,1,0.0446,107.729,4,0.663
Blood,Pearl Jam,Vs.,studio album,169,1993,2.04e-05,0.506,0.884,0.388,5,0.195,-6.377,1,0.0512,111.296,3,0.542
Rearviewmirror,Pearl Jam,Vs.,studio album,283,1993,0.00146,0.374,0.961,0.00036,11,0.351,-5.387,0,0.0656,158.862,4,0.437
Rats,Pearl Jam,Vs.,studio album,255,1993,0.0017,0.337,0.901,2.32e-05,7,0.0891,-7.049,1,0.0473,188.09,4,0.567
Elderly Woman Behind the Counter in a Small Town,Pearl Jam,Vs.,studio album,196,1993,0.0519,0.281,0.493,9.15e-06,7,0.101,-9.461,1,0.0284,60.772,4,0.167
Leash,Pearl Jam,Vs.,studio album,188,1993,7.35e-05,0.426,0.921,0.00854,0,0.221,-5.555,1,0.0581,103.452,4,0.374
Indifference,Pearl Jam,Vs.,studio album,302,1993,0.929,0.305,0.28,0.00185,2,0.117,-12.697,1,0.0296,102.758,4,0.245
Hold On,Pearl Jam,Vs.,studio album,279,1993,0.422,0.535,0.546,0.00487,7,0.339,-9.211,1,0.0286,148.261,4,0.28
Cready Stomp,Pearl Jam,Vs.,studio album,201,1993,2.2e-06,0.168,0.936,0.769,0,0.375,-5.984,1,0.063,184.389,4,0.51
Crazy Mary,Pearl Jam,Vs.,studio album,339,1993,0.0389,0.385,0.465,0.0159,11,0.128,-10.319,0,0.034,139.156,4,0.104
Once,Pearl Jam,Ten,studio album,231,1991,0.00535,0.413,0.885,1.97e-06,2,0.166,-7.695,0,0.0777,113.807,4,0.211
Even Flow,Pearl Jam,Ten,studio album,292,1991,0.00178,0.394,0.944,4.54e-06,10,0.298,-6.506,0,0.0761,105.338,4,0.265
Alive,Pearl Jam,Ten,studio album,340,1991,0.00752,0.284,0.875,0.000461,11,0.402,-6.069,0,0.0422,75.009,4,0.595
Why Go,Pearl Jam,Ten,studio album,200,1991,0.00999,0.322,0.968,4.12e-05,9,0.445,-5.59,1,0.106,115.565,4,0.316
Black,Pearl Jam,Ten,studio album,342,1991,0.323,0.36,0.684,0.0,4,0.34,-6.457,0,0.0308,77.15,4,0.2
Jeremy,Pearl Jam,Ten,studio album,318,1991,0.0404,0.285,0.846,0.0,2,0.182,-6.472,1,0.0438,108.808,4,0.287
Oceans,Pearl Jam,Ten,studio album,161,1991,0.512,0.362,0.377,0.101,7,0.175,-10.142,1,0.034,112.393,5,0.147
Porch,Pearl Jam,Ten,studio album,210,1991,0.00372,0.326,0.935,7.55e-06,9,0.302,-5.69,1,0.0698,135.762,4,0.17
Garden,Pearl Jam,Ten,studio album,298,1991,0.0478,0.191,0.707,6.1e-05,7,0.295,-6.846,1,0.0345,82.7,4,0.179
Deep,Pearl Jam,Ten,studio album,258,1991,0.000179,0.284,0.882,0.000491,4,0.0979,-6.42,0,0.0616,82.226,3,0.25
Release,Pearl Jam,Ten,studio album,546,1991,0.446,0.241,0.34,0.0641,7,0.0994,-11.919,1,0.0446,80.979,4,0.064
Last Kiss,Pearl Jam,Last Kiss,extended play,195,1999,0.363,0.622,0.692,0.000158,7,0.193,-6.97,1,0.0276,112.053,4,0.774
Soldier of Love,Pearl Jam,Last Kiss,extended play,174,1999,0.143,0.55,0.777,7.46e-06,4,0.981,-7.299,1,0.0382,116.14,4,0.751
I Got Id,Pearl Jam,Merkin Ball,extended play,291,1995,0.063,0.133,0.793,0.411,7,0.123,-7.537,1,0.0683,187.827,4,0.134
Long Road,Pearl Jam,Merkin Ball,extended play,359,1995,0.201,0.544,0.441,0.65,2,0.0995,-11.321,1,0.028,101.732,4,0.0764
Flower,Soundgarden,Ultramega OK,studio album,206,2017,0.00241,0.47,0.789,0.0265,7,0.258,-5.468,1,0.0562,100.787,4,0.336
All Your Lies,Soundgarden,Ultramega OK,studio album,229,2017,1.56e-05,0.362,0.921,0.132,4,0.319,-4.617,0,0.0724,91.717,4,0.319
665,Soundgarden,Ultramega OK,studio album,98,2017,0.0431,0.497,0.754,0.609,7,0.148,-11.452,1,0.0536,111.775,4,0.394
Beyond the Wheel,Soundgarden,Ultramega OK,studio album,262,2017,0.00982,0.327,0.732,0.159,2,0.217,-7.009,1,0.0402,145.725,4,0.256
667,Soundgarden,Ultramega OK,studio album,55,2017,0.0119,0.603,0.521,0.232,7,0.093,-14.031,1,0.0406,112.262,4,0.164
Mood for Trouble,Soundgarden,Ultramega OK,studio album,260,2017,0.0117,0.288,0.846,0.000251,4,0.111,-5.708,0,0.0408,140.122,4,0.2
Circle of Power,Soundgarden,Ultramega OK,studio album,124,2017,0.00289,0.293,0.976,1.02e-05,9,0.383,-4.073,0,0.131,138.104,5,0.466
He Didn't,Soundgarden,Ultramega OK,studio album,167,2017,0.0139,0.452,0.939,0.000547,9,0.355,-4.136,0,0.0502,140.437,3,0.776
Smokestack Lightning,Soundgarden,Ultramega OK,studio album,276,2017,0.000625,0.402,0.781,0.00662,2,0.0978,-5.873,1,0.03,74.422,4,0.589
Nazi Driver,Soundgarden,Ultramega OK,studio album,232,2017,0.000276,0.383,0.934,1.98e-05,4,0.136,-5.575,0,0.106,80.934,4,0.217
Head Injury,Soundgarden,Ultramega OK,studio album,140,2017,0.000931,0.515,0.874,0.679,8,0.103,-7.593,0,0.0768,117.446,4,0.659
Incessant Mace,Soundgarden,Ultramega OK,studio album,381,2017,3.84e-05,0.219,0.786,0.000114,11,0.117,-5.524,0,0.0413,97.096,3,0.144
One Minute of Silence,Soundgarden,Ultramega OK,studio album,62,2017,0.156,0.16,0.344,0.931,6,0.285,-43.205,1,0.0757,130.582,4,0.0042
Head Injury - Early Version,Soundgarden,Ultramega OK,studio album,179,2017,6.43e-05,0.433,0.97,0.888,8,0.148,-3.832,1,0.0618,102.796,4,0.534
Beyond the Wheel - Early Version,Soundgarden,Ultramega OK,studio album,295,2017,0.00824,0.436,0.876,0.0654,2,0.109,-5.041,1,0.0615,125.582,4,0.199
Incessant Mace (Short) - Early Version,Soundgarden,Ultramega OK,studio album,382,2017,0.000266,0.224,0.785,0.473,9,0.0789,-6.639,1,0.0348,96.181,4,0.312
He Didn't - Early Version,Soundgarden,Ultramega OK,studio album,174,2017,1.64e-05,0.215,0.984,0.0012,1,0.376,-5.22,0,0.0884,139.273,3,0.475
All Your Lies - Early Version,Soundgarden,Ultramega OK,studio album,224,2017,1.44e-05,0.271,0.961,0.174,4,0.256,-5.511,0,0.0826,92.671,4,0.389
Incessant Mace (Long) - Early Version,Soundgarden,Ultramega OK,studio album,469,2017,0.0546,0.204,0.861,0.871,9,0.0908,-6.708,1,0.0602,165.724,3,0.237
Rusty Cage,Soundgarden,Badmotorfinger,studio album,266,2016,1.65e-05,0.307,0.917,0.00044,9,0.0566,-7.599,1,0.0977,101.879,4,0.266
Outshined,Soundgarden,Badmotorfinger,studio album,311,2016,0.000173,0.485,0.841,0.00686,2,0.125,-6.068,0,0.0307,94.867,4,0.551
Slaves & Bulldozers,Soundgarden,Badmotorfinger,studio album,416,2016,3.86e-05,0.476,0.731,0.00213,0,0.305,-6.053,1,0.0336,130.981,4,0.215
Jesus Christ Pose,Soundgarden,Badmotorfinger,studio album,351,2016,6.66e-06,0.341,0.965,0.723,9,0.317,-5.976,1,0.107,134.328,4,0.273
Face Pollution,Soundgarden,Badmotorfinger,studio album,143,2016,5.07e-06,0.227,0.968,0.749,0,0.353,-5.483,1,0.133,117.771,4,0.485
Somewhere,Soundgarden,Badmotorfinger,studio album,261,2016,0.000458,0.158,0.915,0.0145,9,0.487,-6.066,1,0.124,178.307,4,0.388
Searching With My Good Eye Closed,Soundgarden,Badmotorfinger,studio album,391,2016,1.77e-05,0.307,0.777,0.514,9,0.25,-7.796,1,0.0577,125.602,4,0.0612
Room A Thousand Years Wide,Soundgarden,Badmotorfinger,studio album,246,2016,1.55e-05,0.497,0.966,0.246,10,0.231,-4.843,1,0.0516,112.042,3,0.541
Mind Riot,Soundgarden,Badmotorfinger,studio album,289,2016,6.24e-05,0.461,0.836,0.471,6,0.131,-6.571,0,0.0305,95.993,4,0.35
Drawing Flies,Soundgarden,Badmotorfinger,studio album,146,2016,5.79e-06,0.296,0.929,0.000198,9,0.247,-5.862,1,0.0906,105.312,4,0.716
Holy Water,Soundgarden,Badmotorfinger,studio album,307,2016,0.000119,0.372,0.87,0.0319,4,0.108,-5.6,0,0.0408,172.688,4,0.53
New Damage,Soundgarden,Badmotorfinger,studio album,340,2016,6.66e-05,0.323,0.918,0.0258,5,0.118,-5.679,1,0.0477,119.396,4,0.245
Rusty Cage - Studio Outtake,Soundgarden,Badmotorfinger,studio album,271,2016,7.04e-05,0.278,0.935,0.785,2,0.296,-6.928,1,0.0815,102.068,4,0.443
Outshined - Studio Outtake,Soundgarden,Badmotorfinger,studio album,313,2016,1.01e-05,0.462,0.799,0.738,0,0.193,-7.259,1,0.0275,95.691,4,0.704
Slaves & Bulldozers - Studio Outtake,Soundgarden,Badmotorfinger,studio album,426,2016,8.81e-06,0.429,0.794,0.914,0,0.368,-7.983,1,0.0323,136.106,4,0.465
Jesus Christ Pose - Studio Outtake,Soundgarden,Badmotorfinger,studio album,342,2016,3.31e-06,0.378,0.977,0.609,9,0.117,-7.177,1,0.0854,133.795,4,0.336
Face Pollution - Studio Outtake,Soundgarden,Badmotorfinger,studio album,146,2016,1.61e-06,0.27,0.94,0.904,0,0.333,-7.712,1,0.0707,115.153,4,0.653
Somewhere - Studio Outtake,Soundgarden,Badmotorfinger,studio album,262,2016,1.31e-05,0.232,0.875,0.386,9,0.322,-7.552,1,0.0428,89.576,4,0.465
Searching With My Good Eye Closed - Studio Outtake,Soundgarden,Badmotorfinger,studio album,421,2016,0.00046,0.289,0.824,0.751,9,0.0746,-7.633,1,0.0346,124.961,4,0.2
Room A Thousand Years Wide - Studio Outtake,Soundgarden,Badmotorfinger,studio album,247,2016,2.39e-06,0.482,0.943,0.748,2,0.1,-6.956,0,0.0497,111.897,3,0.211
Drawing Flies - Studio Outtake,Soundgarden,Badmotorfinger,studio album,156,2016,3.88e-06,0.373,0.914,0.478,9,0.547,-7.359,1,0.0655,142.07,3,0.574
Holy Water - Studio Outtake,Soundgarden,Badmotorfinger,studio album,331,2016,0.000119,0.342,0.939,0.822,4,0.309,-6.578,0,0.0619,172.207,4,0.333
Cold Bitch - Studio Outtake,Soundgarden,Badmotorfinger,studio album,323,2016,4.63e-06,0.399,0.864,0.237,9,0.19,-7.36,1,0.0401,77.34,1,0.295
She's A Politician - Studio Outtake,Soundgarden,Badmotorfinger,studio album,113,2016,2.95e-06,0.287,0.973,0.862,1,0.122,-7.749,0,0.0697,151.682,4,0.827
Black Rain (Black Days) - Studio Outtake,Soundgarden,Badmotorfinger,studio album,298,2016,1.74e-05,0.16,0.867,0.92,7,0.117,-6.353,0,0.0518,87.894,4,0.393
Birth Ritual - Studio Outtake,Soundgarden,Badmotorfinger,studio album,330,2016,1.23e-05,0.501,0.966,0.897,7,0.147,-6.773,1,0.0679,130.492,1,0.416
Blind Dogs - Studio Outtake,Soundgarden,Badmotorfinger,studio album,440,2016,2.3e-05,0.286,0.697,0.504,7,0.098,-7.38,1,0.034,137.832,3,0.312
Hunted Down,Soundgarden,Screaming Life/Fopp,studio album,162,2013,0.000294,0.374,0.92,0.762,1,0.241,-8.228,1,0.116,165.379,4,0.484
Entering,Soundgarden,Screaming Life/Fopp,studio album,273,2013,0.0114,0.277,0.793,0.949,9,0.179,-7.263,1,0.0947,149.124,4,0.342
Tears to Forget,Soundgarden,Screaming Life/Fopp,studio album,121,2013,0.0137,0.307,0.953,0.904,5,0.237,-7.655,0,0.0775,101.011,4,0.546
Nothing to Say,Soundgarden,Screaming Life/Fopp,studio album,237,2013,0.00139,0.199,0.786,0.815,2,0.227,-7.495,1,0.0508,113.772,4,0.462
Little Joe,Soundgarden,Screaming Life/Fopp,studio album,269,2013,0.00279,0.6,0.631,0.695,2,0.0782,-9.704,1,0.0575,96.277,4,0.891
Hand of God,Soundgarden,Screaming Life/Fopp,studio album,266,2013,0.0139,0.391,0.933,0.238,11,0.374,-6.867,0,0.0871,169.414,3,0.714
Sub Pop Rock City,Soundgarden,Screaming Life/Fopp,studio album,195,2013,0.000335,0.377,0.88,0.0116,2,0.117,-8.321,1,0.102,156.294,4,0.244
Fopp,Soundgarden,Screaming Life/Fopp,studio album,217,2013,0.00449,0.493,0.817,0.00622,0,0.171,-7.901,1,0.0748,187.971,4,0.895
Fopp (Fucked Up Heavy Dub Mix),Soundgarden,Screaming Life/Fopp,studio album,388,2013,0.00194,0.508,0.907,0.13,5,0.0786,-7.727,1,0.0889,188.095,4,0.707
Kingdom of Come,Soundgarden,Screaming Life/Fopp,studio album,156,2013,0.000769,0.267,0.88,0.086,9,0.215,-8.319,1,0.0796,163.047,4,0.63
Swallow My Pride,Soundgarden,Screaming Life/Fopp,studio album,140,2013,0.000263,0.405,0.868,0.715,4,0.353,-8.923,1,0.0633,133.005,4,0.739
Been Away Too Long,Soundgarden,King Animal,studio album,216,2012,5.49e-05,0.475,0.971,0.0124,9,0.367,-3.541,1,0.102,152.868,4,0.641
Non-State Actor,Soundgarden,King Animal,studio album,237,2012,2.98e-05,0.526,0.924,0.001,9,0.0294,-3.832,1,0.0517,90.027,4,0.856
By Crooked Steps,Soundgarden,King Animal,studio album,240,2012,0.00103,0.58,0.858,0.00134,7,0.192,-4.577,1,0.0422,120.91,5,0.533
A Thousand Days Before,Soundgarden,King Animal,studio album,263,2012,8.15e-05,0.416,0.905,0.00862,5,0.0761,-5.291,1,0.0575,114.742,4,0.158
Blood On The Valley Floor,Soundgarden,King Animal,studio album,228,2012,0.00129,0.473,0.838,0.00253,5,0.101,-4.153,1,0.0373,137.967,4,0.707
Bones Of Birds,Soundgarden,King Animal,studio album,262,2012,0.00557,0.555,0.724,0.00234,7,0.101,-5.561,1,0.0305,126.092,1,0.184
Taree,Soundgarden,King Animal,studio album,218,2012,9.23e-05,0.549,0.839,0.113,5,0.189,-4.444,1,0.0296,112.054,4,0.482
Attrition,Soundgarden,King Animal,studio album,172,2012,0.000109,0.395,0.948,0.000365,9,0.342,-4.959,0,0.0681,75.625,4,0.292
Black Saturday,Soundgarden,King Animal,studio album,209,2012,0.00433,0.527,0.73,0.00019,9,0.101,-5.519,1,0.0359,156.139,4,0.485
Halfway There,Soundgarden,King Animal,studio album,196,2012,0.00959,0.596,0.886,7.51e-05,0,0.118,-4.718,1,0.0302,104.923,4,0.198
Worse Dreams,Soundgarden,King Animal,studio album,293,2012,0.000192,0.535,0.834,0.012,9,0.47,-4.834,1,0.0446,142.007,3,0.393
Eyelid's Mouth,Soundgarden,King Animal,studio album,279,2012,0.00404,0.268,0.657,0.0516,6,0.0731,-4.387,1,0.0366,182.684,4,0.403
Rowing,Soundgarden,King Animal,studio album,306,2012,0.071,0.524,0.629,2.78e-05,9,0.113,-8.047,0,0.0409,115.958,4,0.502
Worse Dreams - Demo,Soundgarden,King Animal,studio album,200,2012,0.00013,0.665,0.495,0.511,9,0.0888,-5.968,1,0.0438,141.967,3,0.269
Black Saturday - Demo,Soundgarden,King Animal,studio album,196,2012,0.0124,0.506,0.726,3.08e-06,5,0.119,-4.794,1,0.0295,154.201,4,0.426
By Crooked Steps - Demo,Soundgarden,King Animal,studio album,262,2012,0.0558,0.446,0.702,0.353,2,0.0704,-7.061,1,0.0419,118.359,5,0.303
Pretty Noose,Soundgarden,Down On The Upside,studio album,251,1996,1.79e-05,0.389,0.925,0.244,0,0.222,-7.97,1,0.0643,150.893,4,0.317
Rhinosaur,Soundgarden,Down On The Upside,studio album,194,1996,0.000471,0.406,0.775,0.00765,5,0.243,-8.791,0,0.0368,165.085,4,0.731
Zero Chance,Soundgarden,Down On The Upside,studio album,258,1996,0.00359,0.457,0.569,5.06e-06,7,0.0746,-9.87,1,0.0266,137.28,4,0.219
Dusty,Soundgarden,Down On The Upside,studio album,274,1996,0.00341,0.376,0.862,0.00552,0,0.0948,-9.347,1,0.0352,160.104,4,0.733
Ty Cobb,Soundgarden,Down On The Upside,studio album,185,1996,0.00117,0.475,0.989,0.426,0,0.0815,-9.261,1,0.0695,135.045,4,0.191
Blow Up The Outside World,Soundgarden,Down On The Upside,studio album,345,1996,0.000807,0.33,0.529,0.214,9,0.126,-10.043,1,0.0358,140.156,4,0.148
Burden In My Hand,Soundgarden,Down On The Upside,studio album,290,1996,0.00534,0.319,0.803,0.0126,10,0.177,-8.928,1,0.0394,183.031,4,0.589
Never Named,Soundgarden,Down On The Upside,studio album,147,1996,0.00526,0.305,0.894,1.33e-05,5,0.366,-8.4,0,0.0434,165.843,4,0.785
Applebite,Soundgarden,Down On The Upside,studio album,309,1996,0.0144,0.565,0.412,0.684,7,0.1,-12.604,1,0.0324,126.305,4,0.396
Never The Machine Forever,Soundgarden,Down On The Upside,studio album,216,1996,7.16e-05,0.481,0.96,0.926,5,0.121,-8.497,0,0.0827,123.163,4,0.285
Tighter & Tighter,Soundgarden,Down On The Upside,studio album,366,1996,0.000402,0.26,0.725,0.0429,4,0.0626,-9.87,0,0.0397,141.518,4,0.492
No Attention,Soundgarden,Down On The Upside,studio album,266,1996,0.000461,0.254,0.959,1.86e-05,2,0.378,-8.411,1,0.0785,100.942,4,0.424
Switch Opens,Soundgarden,Down On The Upside,studio album,232,1996,0.0156,0.373,0.607,0.0105,2,0.104,-9.57,1,0.0302,108.867,3,0.494
Overfloater,Soundgarden,Down On The Upside,studio album,308,1996,0.0012,0.359,0.619,0.0187,0,0.0854,-9.979,1,0.0286,113.92,4,0.568
An Unkind,Soundgarden,Down On The Upside,studio album,128,1996,0.000752,0.283,0.963,0.334,11,0.434,-8.417,0,0.14,139.814,4,0.264
Boot Camp,Soundgarden,Down On The Upside,studio album,179,1996,0.00921,0.511,0.493,0.154,7,0.108,-12.385,1,0.034,128.915,4,0.0403
Let Me Drown,Soundgarden,Superunknown,studio album,232,1994,4.53e-05,0.148,0.947,0.00187,0,0.0872,-4.839,1,0.0958,187.413,4,0.566
My Wave,Soundgarden,Superunknown,studio album,312,1994,0.000132,0.509,0.95,0.00302,9,0.0937,-4.535,0,0.061,126.591,5,0.705
Fell On Black Days,Soundgarden,Superunknown,studio album,283,1994,0.00152,0.574,0.739,0.000328,4,0.141,-5.745,0,0.0271,101.069,3,0.514
Mailman,Soundgarden,Superunknown,studio album,266,1994,0.000425,0.443,0.682,7.47e-05,5,0.0833,-5.99,1,0.0313,96.211,4,0.429
Superunknown,Soundgarden,Superunknown,studio album,306,1994,5.85e-05,0.291,0.949,0.233,0,0.856,-3.619,1,0.0574,133.93,4,0.296
Head Down,Soundgarden,Superunknown,studio album,369,1994,0.000135,0.413,0.825,0.252,5,0.108,-6.347,0,0.0346,83.185,4,0.565
Black Hole Sun,Soundgarden,Superunknown,studio album,318,1994,0.000217,0.35,0.828,0.000161,6,0.0774,-5.373,1,0.041,105.435,4,0.147
Spoonman,Soundgarden,Superunknown,studio album,246,1994,2.17e-05,0.457,0.902,0.196,7,0.258,-5.624,1,0.0313,92.711,4,0.834
Limo Wreck,Soundgarden,Superunknown,studio album,347,1994,0.000429,0.352,0.808,0.000634,7,0.0996,-4.907,1,0.0345,137.875,3,0.236
The Day I Tried To Live,Soundgarden,Superunknown,studio album,320,1994,0.000164,0.472,0.752,0.181,0,0.0903,-6.051,1,0.0555,133.248,4,0.305
Kickstand,Soundgarden,Superunknown,studio album,94,1994,7.47e-06,0.407,0.941,0.0169,9,0.343,-4.801,0,0.0409,91.662,4,0.655
Fresh Tendrils,Soundgarden,Superunknown,studio album,256,1994,2.32e-05,0.31,0.897,0.000879,0,0.13,-5.155,0,0.0498,175.944,4,0.44
4th Of July,Soundgarden,Superunknown,studio album,308,1994,0.118,0.355,0.754,0.000936,5,0.175,-5.692,0,0.0378,142.203,4,0.201
Half,Soundgarden,Superunknown,studio album,134,1994,0.164,0.305,0.71,0.855,6,0.112,-8.296,1,0.0346,88.055,4,0.293
Like Suicide,Soundgarden,Superunknown,studio album,423,1994,8.77e-06,0.416,0.566,0.373,7,0.182,-6.342,1,0.0266,95.455,4,0.232
Ugly Truth,Soundgarden,Louder Than Love,studio album,326,1989,0.0102,0.387,0.573,0.0336,4,0.0528,-11.834,0,0.0403,129.98,3,0.465
Hands All Over,Soundgarden,Louder Than Love,studio album,360,1989,0.00828,0.188,0.928,0.527,7,0.085,-10.003,1,0.0694,181.249,4,0.224
Gun,Soundgarden,Louder Than Love,studio album,282,1989,0.00239,0.361,0.903,0.38,9,0.0752,-11.478,1,0.0667,133.58,4,0.187
Power Trip,Soundgarden,Louder Than Love,studio album,249,1989,0.288,0.216,0.754,0.000179,9,0.0947,-10.199,0,0.0545,174.268,3,0.329
Get On The Snake,Soundgarden,Louder Than Love,studio album,223,1989,0.00423,0.361,0.882,0.0158,9,0.228,-10.568,1,0.0618,127.332,4,0.36
Full On Kevin's Mom,Soundgarden,Louder Than Love,studio album,217,1989,0.0167,0.239,0.955,0.0816,9,0.112,-9.274,1,0.0608,136.502,4,0.164
Loud Love,Soundgarden,Louder Than Love,studio album,297,1989,0.006,0.34,0.797,0.0763,2,0.0781,-10.745,1,0.0535,135.407,4,0.19
I Awake,Soundgarden,Louder Than Love,studio album,261,1989,0.311,0.568,0.626,0.148,4,0.106,-12.019,0,0.0391,124.531,3,0.208
No Wrong No Right,Soundgarden,Louder Than Love,studio album,287,1989,0.0323,0.304,0.718,3.4e-05,7,0.12,-10.645,0,0.0447,134.31,4,0.363
Uncovered,Soundgarden,Louder Than Love,studio album,270,1989,0.248,0.379,0.82,0.000869,9,0.147,-11.449,0,0.0458,151.157,3,0.187
Big Dumb Sex,Soundgarden,Louder Than Love,studio album,251,1989,0.00551,0.267,0.848,0.000491,6,0.494,-9.546,0,0.0584,175.458,4,0.483
Full On,Soundgarden,Louder Than Love,studio album,162,1989,0.123,0.27,0.638,0.0518,9,0.359,-11.742,1,0.0506,132.472,4,0.304
